gene,cluster
Rb1cc1,#F8766D
Pcmtd1,#F8766D
Adhfe1,#CD9600
Vcpip1,#7CAE00
Cspp1,#F8766D
Ncoa2,#CD9600
Lactb2,#CD9600
Stau2,#7CAE00
Gsta3,#CD9600
Gm28836,#F8766D
Fam135a,#F8766D
Hs6st1,#F8766D
Rev1,#7CAE00
Il1r1,#CD9600
Tpp2,#7CAE00
Myo1b,#F8766D
Hibch,#F8766D
Sf3b1,#F8766D
Coq10b,#7CAE00
Aox3,#00BE67
Clk1,#F8766D
Fam126b,#F8766D
Cflar,#F8766D
Als2,#F8766D
Sumo1,#7CAE00
Bmpr2,#7CAE00
Nbeal1,#7CAE00
Raph1,#F8766D
Pard3b,#00BFC4
Idh1,#F8766D
Kansl1l,#00BFC4
Cps1,#00BE67
Erbb4,#00BFC4
Fn1,#CD9600
Pecr,#CD9600
Igfbp2,#00A9FF
Tns1,#F8766D
Cyp27a1,#CD9600
Cul3,#7CAE00
Pid1,#00BE67
Trip12,#F8766D
Psmd1,#F8766D
Dis3l2,#F8766D
Gigyf2,#F8766D
Ngef,#F8766D
Usp40,#F8766D
Hjurp,#00A9FF
Hdlbp,#CD9600
Rnf152,#CD9600
2310035C23Rik,#00BFC4
Phlpp1,#F8766D
Epb41l5,#7CAE00
Ccnt2,#7CAE00
Rab3gap1,#F8766D
R3hdm1,#F8766D
Ubxn4,#F8766D
Mdm4,#7CAE00
Etnk2,#00BE67
Kdm5b,#F8766D
Ppp1r12b,#F8766D
Nr5a2,#F8766D
Nek7,#F8766D
Dennd1b,#F8766D
Gm4788,#00BE67
Cfhr2,#00BE67
Cfh,#00BE67
C730036E19Rik,#F8766D
Ivns1abp,#7CAE00
Cep350,#F8766D
Tor1aip1,#F8766D
Tor1aip2,#F8766D
Rasal2,#7CAE00
Sec16b,#CD9600
Rabgap1l,#CD9600
Gm36975,#F8766D
Rc3h1,#7CAE00
Serpinc1,#00BE67
Prrc2c,#F8766D
F5,#CD9600
Dcaf6,#F8766D
Nos1ap,#F8766D
Atf6,#F8766D
Dcaf8,#F8766D
Crp,#CD9600
Grem2,#00A9FF
Kmo,#CD9600
Desi2,#7CAE00
Hnrnpu,#F8766D
Smyd3,#7CAE00
Cdc42bpa,#7CAE00
Wdr26,#7CAE00
Marc1,#00BE67
Marc2,#CD9600
Eprs,#F8766D
Prox1,#F8766D
Prox1os,#CD9600
Ppp2r5a,#00A9FF
Lpgat1,#F8766D
Phyh,#00BE67
Mcm10,#CD9600
Optn,#CD9600
Camk1d,#CD9600
Dhtkd1,#00BE67
Usp6nl,#F8766D
Celf2,#00BFC4
Itih2,#CD9600
Il15ra,#CD9600
Mindy3,#7CAE00
Pter,#7CAE00
Mllt10,#F8766D
Dnajc1,#00BFC4
Etl4,#00BFC4
Arhgap21,#7CAE00
Abi1,#7CAE00
Acbd5,#CD9600
Ehmt1,#F8766D
Rabl6,#7CAE00
Sardh,#CD9600
Kyat1,#CD9600
Ass1,#00BE67
Abl1,#F8766D
Slc25a25,#00A9FF
Fpgs,#CD9600
Mapkap1,#F8766D
Gapvd1,#7CAE00
Fbxw2,#7CAE00
Hc,#CD9600
AI182371,#00BE67
Rabgap1,#7CAE00
Strbp,#F8766D
Dennd1a,#F8766D
Nr6a1,#7CAE00
Kynu,#00BE67
Mbd5,#F8766D
Neb,#CD9600
Upp2,#00BE67
Pkp4,#F8766D
Baz2b,#F8766D
Cd302,#CD9600
Dpp4,#F8766D
Grb14,#F8766D
Cobll1,#F8766D
B3galt1,#CD9600
Abcb11,#00BE67
Ubr3,#F8766D
Tlk1,#7CAE00
Rapgef4,#CD9600
Atf2,#7CAE00
Ccdc141,#00A9FF
Zfp385b,#F8766D
Gm13944,#7CAE00
Nckap1,#7CAE00
Serping1,#CD9600
Olfr1033,#F8766D
Ptprj,#00BFC4
Celf1,#F8766D
Ambra1,#F8766D
Phf21a,#7CAE00
Hsd17b12,#F8766D
Ttc17,#F8766D
Trim44,#7CAE00
Cat,#CD9600
Abtb2,#00A9FF
Caprin1,#CD9600
Fbxo3,#00A9FF
Cstf3,#7CAE00
Them7,#CD9600
Elp4,#F8766D
Lgr4,#F8766D
Bbox1,#CD9600
Fmn1,#00BFC4
Ivd,#F8766D
Ino80,#F8766D
Chp1,#F8766D
Sord,#00BE67
Slc27a2,#00BE67
Trpm7,#F8766D
Sppl2a,#7CAE00
Stard7,#F8766D
4930402H24Rik,#F8766D
Atrn,#CD9600
Gpcpd1,#F8766D
Hao1,#CD9600
Plcb1,#00BE67
Rrbp1,#F8766D
Rin2,#CD9600
Ralgapa2,#F8766D
Xrn2,#7CAE00
9030622O22Rik,#00BE67
Asxl1,#7CAE00
Cbfa2t2,#F8766D
Pxmp4,#CD9600
Ahcy,#F8766D
Itch,#CD9600
Ncoa6,#7CAE00
Acss2,#F8766D
Uqcc1,#7CAE00
Rbm39,#F8766D
Top1,#F8766D
Zhx3,#CD9600
Chd6,#7CAE00
Hnf4aos,#00BE67
Hnf4a,#CD9600
Sdc4,#F8766D
Ncoa3,#7CAE00
Arfgef2,#F8766D
B4galt5,#7CAE00
Tshz2,#00BFC4
Ctcflos,#CD9600
Pck1,#00BE67
Dido1,#F8766D
Dnajc5,#7CAE00
Prpf6,#F8766D
Otc,#00BE67
Usp9x,#7CAE00
Maob,#F8766D
Upf3b,#7CAE00
Lamp2,#F8766D
Thoc2,#F8766D
Xiap,#F8766D
Stag2,#7CAE00
Enox2,#7CAE00
Gpc4,#F8766D
F9,#F8766D
Atp11c,#00BE67
Mecp2,#7CAE00
Tbl1x,#7CAE00
Dmd,#F8766D
Gk,#00A9FF
Gjb1,#F8766D
Ogt,#F8766D
Hdac8,#00A9FF
Slc16a2,#CD9600
Abcb7,#7CAE00
Atrx,#7CAE00
Magt1,#F8766D
Diaph2,#F8766D
Tsc22d3,#F8766D
Acsl4,#7CAE00
Pfkfb1,#F8766D
Huwe1,#F8766D
Reps2,#00A9FF
Txlng,#CD9600
Zfhx4,#F8766D
Ythdf3,#7CAE00
Cyp7b1,#00BE67
Cp,#F8766D
Tbl1xr1,#7CAE00
Naaladl2,#F8766D
Slc2a2,#CD9600
Pik3ca,#7CAE00
Ttc14,#7CAE00
Fxr1,#7CAE00
Dcun1d1,#F8766D
4932438A13Rik,#F8766D
Abhd18,#F8766D
Larp1b,#F8766D
Noct,#F8766D
Elf2,#7CAE00
Foxo1,#CD9600
Rnf13,#7CAE00
Tsc22d2,#7CAE00
Mbnl1,#F8766D
Arhgef26,#CD9600
Ccnl1,#F8766D
Rsrc1,#7CAE00
Kpna4,#7CAE00
Ppm1l,#7CAE00
Golim4,#F8766D
Rapgef2,#7CAE00
Fnip2,#7CAE00
Tdo2,#00BE67
Fgg,#F8766D
Fgb,#F8766D
Tmem131l,#7CAE00
Sh3d19,#F8766D
Lrba,#7CAE00
Arhgef11,#F8766D
2810403A07Rik,#00BFC4
Ash1l,#F8766D
Il6ra,#F8766D
Ubap2l,#7CAE00
Gatad2b,#F8766D
Selenbp2,#CD9600
Arnt,#F8766D
Fmo5,#00BE67
Pde4dip,#CD9600
Hmgcs2,#CD9600
Zfp697,#F8766D
Hsd3b5,#F8766D
Hsd3b2,#CD9600
Hsd3b3,#00BE67
Magi3,#F8766D
Rap1a,#7CAE00
Cept1,#7CAE00
Prpf38b,#F8766D
Agl,#F8766D
Dpyd,#00BE67
Abcd3,#CD9600
Arhgap29,#F8766D
Sec24d,#F8766D
Tet2,#7CAE00
Ube2d3,#7CAE00
Ppp3ca,#F8766D
0610031O16Rik,#00BFC4
Adh7,#F8766D
Adh1,#CD9600
Pdlim5,#7CAE00
Kyat3,#F8766D
Uox,#00BE67
Dnase2b,#CD9600
Adgrl2,#F8766D
Gm31121,#F8766D
Fubp1,#F8766D
Usp33,#7CAE00
Zzz3,#7CAE00
Cth,#CD9600
Ankrd13c,#F8766D
Srsf11,#F8766D
Cyp7a1,#F8766D
Rab2a,#7CAE00
Chd7,#F8766D
Necab1,#F8766D
Rmdn1,#F8766D
Gm12353,#7CAE00
Wwp1,#F8766D
Pnisr,#F8766D
Zfp292,#7CAE00
Mob3b,#F8766D
B4galt1,#F8766D
Nfx1,#F8766D
Ube2r2,#F8766D
Gne,#CD9600
Rnf38,#7CAE00
Zcchc7,#F8766D
Slc25a51,#F8766D
Shb,#F8766D
Acnat1,#F8766D
Aldob,#F8766D
Abca1,#CD9600
Rad23b,#F8766D
Ptpn3,#F8766D
AI314180,#00BFC4
Ptbp3,#7CAE00
Mup3,#F8766D
Gm12909,#F8766D
Slc31a1,#7CAE00
Ambp,#7CAE00
Col27a1,#00BFC4
Ptprd,#00BE67
Lurap1l,#7CAE00
Nfib,#F8766D
Gm11266,#F8766D
Ccdc171,#F8766D
Fggy,#CD9600
Cyp2j5,#00BE67
Nfia,#CD9600
Pgm2,#00BFC4
Ror1,#00BFC4
Jak1,#F8766D
Slc35d1,#F8766D
Gm12718,#00BFC4
C8b,#F8766D
C8a,#CD9600
Prkaa2,#7CAE00
Ssbp3,#CD9600
Scp2,#CD9600
Echdc2,#CD9600
Zfyve9,#7CAE00
Osbpl9,#F8766D
Eps15,#7CAE00
Faf1,#F8766D
Tesk2,#F8766D
St3gal3,#CD9600
Nfyc,#F8766D
Rlf,#7CAE00
Mfsd2a,#F8766D
Macf1,#F8766D
Thrap3,#7CAE00
Ago3,#7CAE00
Zmym4,#7CAE00
Sfpq,#7CAE00
Ak2,#00A9FF
Rbbp4,#F8766D
Pum1,#F8766D
Srsf4,#F8766D
Epb41,#CD9600
Phactr4,#F8766D
Wasf2,#7CAE00
Arid1a,#F8766D
Cep85,#F8766D
Tmem57,#00BFC4
Rsrp1,#CD9600
Clic4,#7CAE00
Ece1,#CD9600
Eif4g3,#F8766D
Ddi2,#CD9600
Agmat,#CD9600
Prdm2,#F8766D
Vps13d,#F8766D
Masp2,#CD9600
Pex14,#CD9600
Kif1b,#CD9600
Ube4b,#F8766D
Rere,#F8766D
Errfi1,#00BE67
Dnajc11,#F8766D
Nadk,#7CAE00
Slc35e2,#F8766D
Ccnl2,#F8766D
Akap9,#F8766D
Crot,#00A9FF
Ptpn12,#7CAE00
Gsap,#7CAE00
5031425E22Rik,#7CAE00
Kmt2e,#F8766D
Srpk2,#F8766D
Prkag2,#CD9600
Kmt2c,#F8766D
Insig1,#7CAE00
Rbm33,#F8766D
Dnajb6,#F8766D
Gckr,#CD9600
Rbks,#7CAE00
Babam2,#7CAE00
Yes1,#7CAE00
Fam193a,#F8766D
D5Ertd579e,#F8766D
Cpeb2,#7CAE00
Stim2,#7CAE00
0610040J01Rik,#7CAE00
Ube2k,#7CAE00
Pds5a,#7CAE00
Rbm47,#CD9600
Apbb2,#7CAE00
Slc30a9,#7CAE00
Tec,#F8766D
Fryl,#7CAE00
Scfd2,#F8766D
Ugt2b1,#F8766D
Ugt2b36,#CD9600
Rufy3,#F8766D
Gc,#CD9600
Ankrd17,#F8766D
Alb,#CD9600
Afm,#CD9600
5830473C10Rik,#00BFC4
Scarb2,#7CAE00
Fam47e,#F8766D
Shroom3,#7CAE00
Sec31a,#F8766D
Wdfy3,#F8766D
Lrrc8d,#00A9FF
Zfp644,#7CAE00
Evi5,#F8766D
Pxmp2,#F8766D
Ep400,#7CAE00
2900026A02Rik,#CD9600
Hnf1aos1,#F8766D
Sppl3,#7CAE00
Taok3,#CD9600
Slc8b1,#00A9FF
Tpcn1,#F8766D
Aldh2,#CD9600
Brap,#CD9600
Atxn2,#CD9600
Pptc7,#F8766D
Atp2a2,#F8766D
Psmd9,#CD9600
Scarb1,#CD9600
Aacs,#7CAE00
Glt1d1,#00BE67
Vkorc1l1,#7CAE00
Asl,#CD9600
Crcp,#F8766D
Mlxipl,#00BE67
Baz1b,#F8766D
Por,#00BE67
Cux1,#F8766D
Tfr2,#CD9600
Cyp3a13,#F8766D
Azgp1,#CD9600
Zkscan1,#7CAE00
Gna12,#F8766D
Rnf216,#F8766D
Bri3,#7CAE00
Baiap2l1,#F8766D
Cyp3a25,#00BE67
Cdk8,#F8766D
Pan3,#F8766D
N4bp2l1,#F8766D
N4bp2l2,#F8766D
Tfpi2,#CD9600
Ppp1r9a,#F8766D
Slc25a13,#00BE67
Phf14,#F8766D
Foxp2,#F8766D
Met,#F8766D
Tspan12,#CD9600
Gm26719,#00BFC4
Cped1,#00BE67
Aass,#00BE67
Cadps2,#7CAE00
Snd1,#F8766D
Lrrc4,#F8766D
Tnpo3,#7CAE00
Ahcyl2,#7CAE00
Ube2h,#F8766D
Klhdc10,#7CAE00
Lncpint,#F8766D
Mkln1,#F8766D
Chchd3,#CD9600
Exoc4,#7CAE00
Cald1,#F8766D
Cnot4,#7CAE00
Akr1d1,#CD9600
Ubn2,#F8766D
Luc7l2,#CD9600
Hipk2,#F8766D
Tpk1,#7CAE00
Cul1,#7CAE00
Tra2a,#7CAE00
Mpp6,#7CAE00
Hnrnpa2b1,#F8766D
Hibadh,#F8766D
Chn2,#CD9600
Inmt,#00BFC4
Ppm1k,#F8766D
Fam13a,#00A9FF
Gprin3,#CD9600
Gng12,#7CAE00
Rmnd5a,#F8766D
Rnf103,#F8766D
St3gal5,#F8766D
Tmem150a,#CD9600
Kcmf1,#F8766D
Eva1a,#CD9600
Zfp638,#F8766D
Sfxn5,#CD9600
Rab7,#7CAE00
Eefsec,#F8766D
Uroc1,#CD9600
Klf15,#F8766D
Aldh1l1,#00BE67
Slc6a6,#7CAE00
Nr2c2,#7CAE00
Magi1,#00BFC4
Lrig1,#7CAE00
Suclg2,#CD9600
Frmd4b,#7CAE00
Foxp1,#CD9600
Itpr1,#CD9600
Setd5,#7CAE00
Vgll4,#F8766D
Raf1,#F8766D
Tmcc1,#F8766D
Zfand4,#F8766D
March8,#7CAE00
Adipor2,#00BE67
Erc1,#F8766D
Wnk1,#7CAE00
Kdm5a,#F8766D
Cecr2,#CD9600
Mug1,#00BE67
Mug2,#00BE67
C1s1,#F8766D
Lpcat3,#CD9600
Gm10069,#00A9FF
Pzp,#CD9600
Gm44511,#00BFC4
Clec2d,#00BE67
2310001H17Rik,#F8766D
Etv6,#F8766D
Lrp6,#F8766D
Dusp16,#7CAE00
Hebp1,#CD9600
Mgst1,#F8766D
Pik3c2g,#00A9FF
Plekha5,#F8766D
Slco1b2,#CD9600
Slco1a1,#F8766D
Gys2,#CD9600
Sox5,#CD9600
Itpr2,#F8766D
Dennd5b,#CD9600
Etfbkmt,#F8766D
Isoc2a,#CD9600
Slc27a5,#F8766D
Trim28,#CD9600
Sult2a8,#F8766D
Arhgap35,#F8766D
Foxa3,#7CAE00
Apoc1,#F8766D
Apoe,#F8766D
4732471J01Rik,#F8766D
Bckdha,#CD9600
Prodh2,#00BE67
Hamp,#F8766D
Lsr,#F8766D
Hpn,#CD9600
Uri1,#7CAE00
Gm37494,#F8766D
Snrnp70,#F8766D
0610005C13Rik,#00BE67
Abcc6,#00BE67
Gas2,#7CAE00
Ube3a,#7CAE00
Klf13,#00BFC4
Mef2a,#7CAE00
Lrrc28,#F8766D
Ttc23,#F8766D
Gm16157,#00A9FF
Fam169b,#CD9600
Mctp2,#CD9600
Chd2,#F8766D
Akap13,#F8766D
Pde8a,#F8766D
Whamm,#00A9FF
Stard5,#F8766D
Fah,#CD9600
Zfand6,#F8766D
Nox4,#CD9600
Tmem135,#F8766D
Picalm,#7CAE00
Nars2,#7CAE00
Thrsp,#00BFC4
Uvrag,#F8766D
Dgat2,#F8766D
Rnf169,#CD9600
Rab6a,#7CAE00
Fchsd2,#F8766D
Stard10,#CD9600
Olfml1,#00A9FF
Ppfibp2,#F8766D
Sbf2,#7CAE00
Usp47,#F8766D
Parva,#F8766D
Pde3b,#F8766D
Sox6,#F8766D
Pik3c2a,#7CAE00
Smg1,#7CAE00
Acsm5,#CD9600
Acsm1,#CD9600
Rbbp6,#F8766D
Tmem219,#CD9600
Fus,#7CAE00
Inpp5f,#7CAE00
Fgfr2,#7CAE00
Tacc2,#7CAE00
Acadsb,#F8766D
Zranb1,#F8766D
Dock1,#F8766D
Mgmt,#F8766D
Bnip3,#F8766D
Paox,#F8766D
Sirt3,#CD9600
Nlrp6,#00BE67
Kcnq1ot1,#F8766D
Esr1,#00A9FF
Syne1,#00A9FF
Pcmt1,#7CAE00
Sash1,#7CAE00
Utrn,#F8766D
Hivep2,#7CAE00
Map3k5,#F8766D
Map7,#F8766D
Bclaf1,#F8766D
Pde7b,#F8766D
Hbs1l,#F8766D
Aldh8a1,#CD9600
Moxd1,#7CAE00
Arg1,#00BE67
Ptprk,#F8766D
Rev3l,#F8766D
Foxo3,#CD9600
Sec63,#F8766D
Pdss2,#7CAE00
Atg5,#F8766D
Ascc3,#F8766D
Cep85l,#CD9600
Man1a,#F8766D
Ranbp2,#F8766D
Eif4ebp2,#00A9FF
Ccar1,#F8766D
Pbld2,#CD9600
Pbld1,#00BE67
Herc4,#F8766D
Reep3,#7CAE00
Jmjd1c,#F8766D
Arid5b,#CD9600
Rhobtb1,#F8766D
Gucd1,#CD9600
Upb1,#CD9600
Ftcd,#CD9600
Col18a1,#00BE67
Dazap1,#F8766D
Creb3l3,#CD9600
Pah,#00BE67
Igf1,#CD9600
Nr1h4,#00BE67
Uhrf1bp1l,#7CAE00
Cdk17,#7CAE00
Amdhd1,#CD9600
Fgd6,#F8766D
Cradd,#CD9600
4732465J04Rik,#CD9600
Gm47719,#CD9600
Gm33543,#00A9FF
Eea1,#7CAE00
Tmtc2,#F8766D
Lin7a,#CD9600
Ppp1r12a,#7CAE00
Osbpl8,#F8766D
Zfc3h1,#F8766D
Cnot2,#7CAE00
Frs2,#7CAE00
Cpsf6,#7CAE00
Rassf3,#00A9FF
Mon2,#F8766D
Usp15,#F8766D
R3hdm2,#F8766D
Lrp1,#CD9600
Rdh7,#CD9600
Baz2a,#F8766D
Gls2,#F8766D
Stat2,#CD9600
Sarnp,#7CAE00
Mettl7b,#00A9FF
Insr,#CD9600
F10,#CD9600
Proz,#CD9600
Cul4a,#F8766D
Gm26804,#00BFC4
Slc20a2,#F8766D
Polb,#7CAE00
Kat6a,#7CAE00
Gpat4,#F8766D
Ido2,#CD9600
Tacc1,#F8766D
Nsd3,#CD9600
Hook3,#F8766D
Adrb3,#7CAE00
Rbpms,#7CAE00
Tnks,#7CAE00
Ppp1r3b,#CD9600
Dlc1,#F8766D
Slc7a2,#00BE67
Mtus1,#00BE67
Fgl1,#F8766D
Pcm1,#F8766D
Cyp4v3,#F8766D
Sorbs2,#7CAE00
Sorbs2os,#7CAE00
Acsl1,#00BE67
Irf2,#CD9600
Aadat,#CD9600
Palld,#F8766D
Klhl2,#F8766D
Psd3,#F8766D
Mast3,#F8766D
Large1,#7CAE00
Nr3c2,#CD9600
Gab1,#7CAE00
Nfix,#F8766D
Gpt2,#F8766D
Itfg1,#7CAE00
Phkb,#F8766D
Lonp2,#CD9600
Papd5,#00BFC4
Chd9,#F8766D
Fto,#F8766D
Ces1b,#F8766D
Ces1c,#CD9600
Ces1d,#00BFC4
Ces1f,#F8766D
Amfr,#F8766D
Herpud1,#F8766D
Cnot1,#F8766D
Ces3a,#00BE67
Ces3b,#00BE67
Ranbp10,#CD9600
Nfatc3,#7CAE00
Cyb5b,#F8766D
Nfat5,#7CAE00
Zfhx3,#F8766D
Ap1g1,#7CAE00
Tat,#00BE67
Cog4,#F8766D
Znrf1,#F8766D
Nudt7,#00BE67
Wwox,#F8766D
Cmip,#00A9FF
Sdr42e1,#F8766D
Hsd17b2,#00BE67
Gm20388,#00BFC4
Car5a,#CD9600
Ankrd11,#F8766D
Pard3,#CD9600
Nrp1,#CD9600
Flnb,#7CAE00
Acox2,#CD9600
Fhit,#F8766D
Ptprg,#F8766D
Atxn7,#F8766D
Thrb,#00BE67
Gm48321,#00A9FF
Nr1d2,#7CAE00
Kcnk5,#F8766D
Vcl,#7CAE00
Ap3m1,#F8766D
Adk,#00BE67
Kat6b,#F8766D
Zmiz1,#F8766D
Zcchc24,#CD9600
Slmap,#7CAE00
Arhgef3,#CD9600
Fam208a,#00BFC4
Erc2,#F8766D
Sfmbt1,#F8766D
Itih4,#F8766D
Itih3,#CD9600
Pbrm1,#7CAE00
Nisch,#F8766D
Ankrd28,#00BFC4
Fam35a,#00BFC4
Glud1,#CD9600
Wapl,#F8766D
Mat1a,#00BE67
Gch1,#F8766D
Fbxo34,#F8766D
Tmem260,#7CAE00
Ndrg2,#CD9600
Hnrnpc,#F8766D
Acin1,#F8766D
Gm16573,#F8766D
Zmym5,#F8766D
Zmym2,#F8766D
Cab39l,#F8766D
Spata13,#7CAE00
Ints6,#7CAE00
Wdfy2,#7CAE00
Msra,#CD9600
Kif13b,#CD9600
Zfp395,#F8766D
Ephx2,#CD9600
Dock5,#F8766D
AC151836.1,#00BFC4
Slc39a14,#CD9600
Bmp1,#CD9600
Xpo7,#7CAE00
Fndc3a,#F8766D
Lrch1,#00BFC4
Lcp1,#F8766D
Cpb2,#CD9600
Zc3h13,#F8766D
Vwa8,#CD9600
Elf1,#7CAE00
Klf12,#00BE67
Mycbp2,#F8766D
Rbm26,#F8766D
Mbnl2,#F8766D
Clybl,#CD9600
Pcca,#CD9600
Ggact,#00A9FF
Arhgap42,#CD9600
Ldlr,#CD9600
Zfp809,#F8766D
Zbtb44,#F8766D
Aplp2,#7CAE00
St3gal4,#F8766D
Sc5d,#00A9FF
Arhgef12,#F8766D
Oaf,#CD9600
Ddx6,#7CAE00
Ube4a,#F8766D
Rnf214,#F8766D
Sik3,#CD9600
Apoa5,#F8766D
Zpr1,#F8766D
Zbtb16,#F8766D
Rdx,#F8766D
Acat1,#CD9600
Ireb2,#F8766D
Hykk,#CD9600
Nrg4,#7CAE00
Etfa,#00A9FF
Scaper,#7CAE00
Peak1,#F8766D
Arih1,#F8766D
Pias1,#7CAE00
Map2k5,#F8766D
Hacd3,#F8766D
Clpx,#F8766D
Zfp609,#7CAE00
Trip4,#CD9600
Usp3,#F8766D
Rora,#00BFC4
Myo1e,#F8766D
Rnf111,#F8766D
Sltm,#7CAE00
Mindy2,#7CAE00
Lipc,#CD9600
Tcf12,#7CAE00
Zfp280d,#7CAE00
Rfx7,#F8766D
Nedd4,#F8766D
Fam214a,#00BE67
Gclc,#7CAE00
Elovl5,#00A9FF
Senp6,#7CAE00
Myo6,#F8766D
Bckdhb,#CD9600
Mthfs,#7CAE00
U2surp,#7CAE00
Stag1,#7CAE00
Msl2,#7CAE00
Ppp2r3a,#7CAE00
1300017J02Rik,#CD9600
Acad11,#CD9600
Ackr4,#00A9FF
Alas1,#CD9600
Rad54l2,#F8766D
Slc38a3,#00BE67
Rbm5,#F8766D
Rbm6,#F8766D
Qrich1,#7CAE00
Slc25a20,#CD9600
Setd2,#7CAE00
Lrrfip2,#7CAE00
Cmtm8,#CD9600
Golga4,#F8766D
Acaa1b,#CD9600
Xylb,#F8766D
Trak1,#CD9600
Nktr,#7CAE00
Snrk,#7CAE00
Tcaim,#F8766D
Zfp445,#F8766D
Drg1,#7CAE00
Sec14l2,#CD9600
Mtmr3,#F8766D
Nipsnap1,#CD9600
Ewsr1,#F8766D
Urgcp,#7CAE00
Gck,#F8766D
Ogdh,#F8766D
Ddc,#CD9600
Cobl,#7CAE00
Egfr,#00BE67
Egfros,#CD9600
Ugp2,#F8766D
Ehbp1,#F8766D
Usp34,#F8766D
5730522E02Rik,#F8766D
Ppp4r3b,#7CAE00
Psme4,#F8766D
Cpeb4,#F8766D
Wwc1,#7CAE00
Adra1b,#CD9600
Canx,#7CAE00
Clk4,#F8766D
Sec24a,#CD9600
Aff4,#7CAE00
Fnip1,#7CAE00
Rapgef6,#7CAE00
Larp1,#F8766D
Mprip,#7CAE00
Pemt,#CD9600
Srebf1,#F8766D
Tom1l2,#F8766D
Shmt1,#F8766D
Slc47a1,#CD9600
Ulk2,#F8766D
Akap10,#7CAE00
Ncor1,#F8766D
Map2k4,#7CAE00
Stx8,#F8766D
Chd3,#CD9600
Rabep1,#F8766D
Ube2g1,#F8766D
Zzef1,#F8766D
Pafah1b1,#7CAE00
Srr,#CD9600
Smg6,#F8766D
Tlcd2,#00BFC4
Scarf1,#00A9FF
Ssh2,#7CAE00
Taok1,#7CAE00
Nufip2,#7CAE00
Myo18a,#F8766D
Pipox,#CD9600
Fam222b,#F8766D
Lgals9,#00A9FF
Wsb1,#7CAE00
Nf1,#7CAE00
Adap2,#F8766D
Rhot1,#F8766D
Zfp207,#7CAE00
Psmd11,#F8766D
Rffl,#F8766D
Taf15,#F8766D
Synrg,#7CAE00
Acaca,#F8766D
Ggnbp2,#CD9600
Usp32,#7CAE00
Bcas3,#CD9600
Med13,#F8766D
Rps6kb1,#7CAE00
Vmp1,#7CAE00
Msi2,#00BFC4
Akap1,#CD9600
4930556N13Rik,#CD9600
Mbtd1,#7CAE00
Spag9,#F8766D
Spop,#F8766D
Fbxl20,#F8766D
Cdk12,#F8766D
Igfbp4,#CD9600
Dnajc7,#F8766D
Stat5b,#F8766D
Stat3,#F8766D
G6pc,#CD9600
Nbr1,#CD9600
Gpatch8,#F8766D
Kansl1,#F8766D
Tlk2,#7CAE00
Ern1,#F8766D
Tex2,#F8766D
Ddx5,#CD9600
Smurf2,#F8766D
Pitpnc1,#CD9600
Helz,#7CAE00
Abca8b,#00A9FF
Abca8a,#CD9600
Abca6,#CD9600
Map2k6,#00BFC4
Fads6,#CD9600
Acox1,#00BE67
Srsf2,#7CAE00
Tnrc6c,#F8766D
Cyth1,#CD9600
Rptor,#F8766D
Nploc4,#F8766D
Gcgr,#CD9600
Pcyt2,#00BE67
Mafg,#F8766D
Wdr45b,#F8766D
Gdi2,#7CAE00
Gm36264,#F8766D
Larp4b,#F8766D
Dip2c,#F8766D
Zmynd11,#7CAE00
Lgals8,#F8766D
Lyst,#F8766D
Arid4b,#F8766D
Sugct,#CD9600
Cdk13,#7CAE00
Zkscan3,#CD9600
Slc17a2,#CD9600
Slc17a3,#00A9FF
Carmil1,#00BFC4
Cmah,#00BE67
Gm11342,#CD9600
Ripor2,#00A9FF
BC005537,#7CAE00
Gpld1,#CD9600
Cdkal1,#F8766D
Prpf4b,#F8766D
Eci2,#CD9600
Fars2,#F8766D
Rreb1,#CD9600
Gcnt2,#F8766D
Elovl2,#CD9600
Adtrp,#F8766D
Ranbp9,#F8766D
Jarid2,#F8766D
Atxn1,#CD9600
Fam120a,#7CAE00
Uimc1,#F8766D
Nsd1,#F8766D
F12,#F8766D
Dapk1,#CD9600
Gm48228,#F8766D
Fbp1,#00BE67
2010111I01Rik,#00BFC4
Slc35d2,#F8766D
Cdc14b,#7CAE00
Ell2,#F8766D
Fam172a,#7CAE00
Acot12,#CD9600
Bhmt,#00BE67
Gm15622,#F8766D
Bhmt2,#CD9600
Dmgdh,#CD9600
Ap3b1,#F8766D
Iqgap2,#CD9600
Col4a3bp,#7CAE00
Fcho2,#7CAE00
Tnpo1,#7CAE00
Mccc2,#F8766D
Pik3r1,#F8766D
Srek1,#7CAE00
Erbin,#7CAE00
Arl15,#CD9600
Ndufs4,#7CAE00
Rab10,#7CAE00
Asxl2,#F8766D
Dtnb,#F8766D
Ncoa1,#7CAE00
Itsn2,#7CAE00
Atad2b,#F8766D
Gm48633,#CD9600
Apob,#CD9600
Ldah,#F8766D
5033421B08Rik,#00BFC4
Pum2,#7CAE00
Lpin1,#F8766D
Rock2,#7CAE00
9030624G23Rik,#F8766D
Kidins220,#7CAE00
Sntg2,#CD9600
Cog5,#7CAE00
Atxn7l1,#F8766D
Snx13,#7CAE00
Agmo,#F8766D
Dock4,#CD9600
Immp2l,#00BE67
Pnpla8,#F8766D
Stxbp6,#7CAE00
Strn3,#7CAE00
Hectd1,#CD9600
Gm35188,#7CAE00
Arhgap5,#F8766D
Pnn,#F8766D
Mia2,#CD9600
Sos2,#7CAE00
Pygl,#CD9600
Gm40438,#CD9600
Daam1,#F8766D
Ppp2r5e,#F8766D
Syne2,#7CAE00
Mthfd1,#CD9600
Gphn,#00BE67
Dcaf5,#F8766D
Susd6,#F8766D
Srsf5,#F8766D
Smoc1,#F8766D
Zfyve1,#F8766D
Rbm25,#F8766D
Numb,#F8766D
Aldh6a1,#00A9FF
Lin52,#F8766D
Ylpm1,#7CAE00
Ttll5,#7CAE00
Gstz1,#CD9600
Sel1l,#F8766D
Foxn3,#CD9600
Dglucy,#F8766D
Ppp4r3a,#F8766D
Trip11,#F8766D
Btbd7,#7CAE00
Serpina1a,#F8766D
Serpina1c,#CD9600
Serpina1e,#F8766D
Clmn,#CD9600
Papola,#F8766D
Setd3,#7CAE00
Slc25a47,#F8766D
Gm34667,#00BE67
Mark3,#7CAE00
Aspg,#F8766D
Selenop,#F8766D
Ghr,#00BE67
C6,#CD9600
C9,#CD9600
Rictor,#F8766D
Lifr,#00BE67
Nipbl,#F8766D
Lmbrd2,#7CAE00
Prlr,#CD9600
Agxt2,#CD9600
Rai14,#F8766D
Zfr,#F8766D
Cdh18,#CD9600
Dap,#F8766D
Ankrd33b,#F8766D
March6,#F8766D
Sdc2,#CD9600
Cpq,#F8766D
Mtdh,#7CAE00
Vps13b,#F8766D
Ubr5,#F8766D
Dpys,#00BE67
Ext1,#F8766D
Enpp2,#CD9600
Deptor,#CD9600
Sntb1,#00A9FF
Zhx2,#F8766D
Mtss1,#00BE67
Nsmce2,#7CAE00
Trappc9,#F8766D
Ptk2,#7CAE00
Rbfox2,#F8766D
Apol9b,#7CAE00
Myh9,#7CAE00
Ddx17,#F8766D
Tnrc6b,#F8766D
St13,#7CAE00
Xpnpep3,#7CAE00
Tef,#F8766D
Aco2,#F8766D
Cyp2d22,#CD9600
AC118710.3,#00BFC4
Cyp2d26,#CD9600
Tcf20,#7CAE00
Atxn10,#7CAE00
Ppara,#00BE67
Ppp6r2,#F8766D
Kif21a,#00A9FF
Arid2,#7CAE00
Slc38a2,#F8766D
Slc38a4,#00BE67
Lima1,#F8766D
Larp4,#F8766D
Mettl7a1,#7CAE00
Pcbp2,#7CAE00
Crebbp,#F8766D
Adcy9,#CD9600
Cdip1,#F8766D
Abat,#CD9600
1810013L24Rik,#7CAE00
Txndc11,#CD9600
Zc3h7a,#F8766D
Snx29,#CD9600
Cpped1,#F8766D
Mkl2,#00BFC4
Pdxdc1,#F8766D
Marf1,#F8766D
Fgd4,#7CAE00
Pi4ka,#7CAE00
Tango2,#F8766D
Comt,#CD9600
Eif4g1,#F8766D
Tra2b,#7CAE00
Ahsg,#CD9600
Hrg,#CD9600
Kng2,#F8766D
Kng1,#00BE67
B630019A10Rik,#CD9600
Masp1,#F8766D
Bcl6,#7CAE00
Lpp,#F8766D
Il1rap,#CD9600
Gm20319,#00BE67
Atp13a3,#F8766D
Dlg1,#F8766D
Lrch3,#7CAE00
Zfp148,#F8766D
Mylk,#CD9600
Pdia5,#CD9600
Ccdc58,#7CAE00
Golgb1,#F8766D
Hgd,#00BE67
Gsk3b,#7CAE00
Nr1i2,#F8766D
Zbtb20,#CD9600
Gramd1c,#CD9600
Usf3,#F8766D
Atg3,#7CAE00
Phldb2,#F8766D
Plcxd2,#CD9600
Alcam,#7CAE00
Tomm70a,#F8766D
Cmss1,#F8766D
Gbe1,#F8766D
Cxadr,#7CAE00
Ncam2,#F8766D
Son,#F8766D
Dyrk1a,#7CAE00
Brwd1,#F8766D
Igsf5,#7CAE00
C2cd2,#7CAE00
Scaf8,#7CAE00
Arid1b,#F8766D
Zdhhc14,#7CAE00
Tulp4,#7CAE00
Mpc1,#00A9FF
Qk,#7CAE00
Park2,#00BFC4
Plg,#00BE67
Acat3,#CD9600
Afdn,#7CAE00
Lnpep,#7CAE00
Srrm2,#F8766D
Hagh,#F8766D
Crebrf,#7CAE00
D17Wsu92e,#00BFC4
Fkbp5,#F8766D
Mapk14,#F8766D
Stk38,#7CAE00
Zfand3,#F8766D
Btbd9,#F8766D
Brd4,#F8766D
Akap8l,#F8766D
Cyp4f15,#CD9600
Zfp871,#7CAE00
Cyp4f14,#F8766D
Hnrnpm,#7CAE00
March2,#F8766D
C4b,#CD9600
H2-Q10,#CD9600
Gm26917,#CD9600
Gm42418,#CD9600
AY036118,#F8766D
Slc29a1,#CD9600
Vegfa,#F8766D
Gm26904,#00BFC4
Gnmt,#00BE67
Ubr2,#F8766D
Ccnd3,#7CAE00
Tbc1d5,#F8766D
Kat2b,#F8766D
Slc25a23,#CD9600
C3,#F8766D
Efna5,#00BFC4
Fbxl17,#CD9600
Man2a1,#CD9600
Dlgap1,#F8766D
Birc6,#F8766D
Prkd3,#CD9600
Atl2,#F8766D
Galm,#CD9600
Map4k3,#7CAE00
Haao,#CD9600
Abcg5,#CD9600
Abcg8,#CD9600
Lrpprc,#F8766D
Ppm1b,#F8766D
Srbd1,#00A9FF
Prkce,#00A9FF
Epas1,#00A9FF
Fbxo11,#7CAE00
Eif2s3y,#7CAE00
Uty,#F8766D
Svil,#7CAE00
Zeb1,#F8766D
Epc1,#7CAE00
Wac,#7CAE00
Ccny,#7CAE00
Colec12,#F8766D
Rock1,#7CAE00
Mib1,#7CAE00
Npc1,#F8766D
Ttc39c,#00BE67
Cabyr,#F8766D
Osbpl1a,#CD9600
Cdh2,#CD9600
Dsg2,#7CAE00
Ttr,#CD9600
Rnf125,#00A9FF
Garem1,#CD9600
Ammecr1l,#F8766D
Wdr33,#F8766D
Lims2,#F8766D
Iws1,#F8766D
Proc,#CD9600
Map3k2,#7CAE00
Fam13b,#7CAE00
Kdm3b,#7CAE00
Ctnna1,#7CAE00
Sil1,#F8766D
Paip2,#7CAE00
Ube2d2a,#7CAE00
Ankhd1,#F8766D
Diaph1,#7CAE00
Ndfip1,#7CAE00
Arhgap26,#00A9FF
Fgf1,#F8766D
Nr3c1,#F8766D
Kcnn2,#F8766D
Cdo1,#CD9600
Dmxl1,#F8766D
Hsd17b4,#CD9600
Prr16,#CD9600
Csnk1g3,#F8766D
Gramd3,#F8766D
Aldh7a1,#F8766D
Chsy3,#F8766D
Gm4951,#00BE67
F830016B08Rik,#CD9600
Ppargc1b,#F8766D
Csnk1a1,#7CAE00
Ablim3,#CD9600
Wdr7,#F8766D
Onecut2,#F8766D
Atp8b1,#CD9600
Nedd4l,#F8766D
Ptpn2,#7CAE00
Ldlrad4,#00A9FF
Tcf4,#F8766D
Acaa2,#CD9600
Dym,#F8766D
Ctif,#CD9600
Pias2,#7CAE00
Atp9b,#7CAE00
Zfp407,#F8766D
Cyb5a,#CD9600
Cpt1a,#CD9600
Ppp6r3,#F8766D
Chka,#7CAE00
Kdm2a,#F8766D
Pcx,#CD9600
Gm21992,#00BFC4
Ccs,#CD9600
Malat1,#CD9600
Neat1,#F8766D
Macrod1,#CD9600
Rtn3,#F8766D
Atl3,#F8766D
Slc22a30,#00BE67
Stx5a,#F8766D
Fads2,#CD9600
Glyat,#F8766D
Keg1,#CD9600
Zfp91,#7CAE00
Tle4,#7CAE00
Gnaq,#F8766D
Vps13a,#F8766D
Nmrk1,#00A9FF
Abhd17b,#7CAE00
Klf9,#F8766D
Smarca2,#CD9600
9930021J03Rik,#7CAE00
Uhrf2,#7CAE00
A1cf,#00BE67
Papss2,#CD9600
Pten,#F8766D
Pank1,#CD9600
Tnks2,#F8766D
Cpeb3,#F8766D
Rbp4,#CD9600
Plce1,#7CAE00
Cyp2c70,#CD9600
Sorbs1,#F8766D
Lcor,#00BFC4
Hoga1,#00BE67
R3hcc1l,#7CAE00
Got1,#CD9600
Abcc2,#00BE67
Dnmbp,#F8766D
Chuk,#CD9600
Scd1,#00BFC4
Sema4g,#00BE67
Btrc,#7CAE00
Gbf1,#CD9600
Wbp1l,#F8766D
Nt5c2,#7CAE00
Pdcd4,#F8766D
Vti1a,#F8766D
Tcf7l2,#CD9600
Nhlrc2,#7CAE00
Atrnl1,#F8766D
Gfra1,#00BE67
Cacul1,#7CAE00
AC149090.1,#F8766D
Nr1i3,#F8766D
Esrrg,#7CAE00
Sardhos,#CD9600
Car3,#F8766D
Mme,#7CAE00
Cd1d1,#00A9FF
Mup2,#00A9FF
Cyp4a10,#7CAE00
Pon1,#CD9600
Plekha1,#C77CFF
Cyp2e1,#CD9600
Slc16a10,#F8766D
Chpt1,#F8766D
Gm32468,#7CAE00
Acss3,#7CAE00
Trhde,#00BFC4
Rdh16,#CD9600
Nrg1,#C77CFF
Haus8,#C77CFF
Rtn4,#C77CFF
Akr1c6,#CD9600
Nid1,#C77CFF
Slc12a7,#F8766D
Slc25a21,#CD9600
4930404H11Rik,#F8766D
Gm4756,#F8766D
Rad51b,#FF61CC
Ugt3a2,#F8766D
Fam83a,#FF61CC
Prodh,#F8766D
Mcc,#F8766D
Cyp2c29,#7CAE00
Cyp2c38,#7CAE00
Cyp2c54,#7CAE00
Cyp2c50,#7CAE00
Lypla1,#FF61CC
Atp6v1h,#7CAE00
Arfgef1,#7CAE00
Xkr9,#7CAE00
Tram2,#7CAE00
Lmbrd1,#7CAE00
Gm5524,#00A9FF
Dst,#7CAE00
Uggt1,#7CAE00
Kansl3,#7CAE00
Tmem131,#F8766D
Inpp4a,#7CAE00
Eif5b,#7CAE00
Tbc1d8,#F8766D
Ercc5,#7CAE00
Stat1,#7CAE00
Nab1,#7CAE00
Pms1,#7CAE00
Gtf3c3,#7CAE00
Pgap1,#7CAE00
Hspd1,#7CAE00
Mob4,#7CAE00
Aox1,#00A9FF
Mpp4,#7CAE00
Ino80d,#7CAE00
Ndufs1,#F8766D
Pikfyve,#7CAE00
Acadl,#7CAE00
Mreg,#7CAE00
Xrcc5,#7CAE00
Ttll4,#7CAE00
Atg9a,#7CAE00
Irs1,#00A9FF
Rhbdd1,#7CAE00
2810459M11Rik,#7CAE00
Atg16l1,#F8766D
Spp2,#FF61CC
Agap1,#7CAE00
Ube2f,#7CAE00
Scly,#7CAE00
Ilkap,#7CAE00
Hdac4,#7CAE00
Agxt,#FF61CC
Farp2,#F8766D
Pign,#7CAE00
Zcchc2,#7CAE00
Bcl2,#C77CFF
Clasp1,#7CAE00
Insig2,#00A9FF
Mgat5,#7CAE00
Acmsd,#F8766D
Dars,#7CAE00
C4bp,#00A9FF
Pfkfb2,#00A9FF
Mapkapk2,#7CAE00
Pm20d1,#00A9FF
Elk4,#7CAE00
Mfsd4a,#7CAE00
Plekha6,#00A9FF
Tmem183a,#7CAE00
Rnpep,#7CAE00
Timm17a,#7CAE00
Platr22,#7CAE00
F13b,#00A9FF
Cfhr1,#F8766D
Cdc73,#7CAE00
Tpr,#7CAE00
Swt1,#7CAE00
Trmt1l,#7CAE00
Fam129a,#C77CFF
Edem3,#7CAE00
Smg7,#7CAE00
Dhx9,#7CAE00
Xpr1,#7CAE00
Qsox1,#F8766D
Ralgps2,#7CAE00
Cop1,#7CAE00
4930523C07Rik,#00A9FF
Prdx6,#F8766D
Fmo1,#F8766D
Scyl3,#7CAE00
Slc19a2,#00A9FF
Mpc2,#7CAE00
Pou2f1,#7CAE00
Ildr2,#7CAE00
Dusp12,#7CAE00
Sdhc,#7CAE00
Tomm40l,#00A9FF
Apoa2,#7CAE00
Nit1,#7CAE00
Copa,#F8766D
Pex19,#7CAE00
Fh1,#7CAE00
Sdccag8,#7CAE00
Adss,#7CAE00
Ahctf1,#7CAE00
Coq8a,#00A9FF
Psen2,#00A9FF
Nvl,#7CAE00
Enah,#C77CFF
Mia3,#F8766D
C130074G19Rik,#7CAE00
Iars2,#7CAE00
Gpatch2,#F8766D
Ptpn14,#C77CFF
Rps6kc1,#7CAE00
Ints7,#7CAE00
G0s2,#00A9FF
Plxna2,#7CAE00
Dclre1c,#7CAE00
Fam107b,#00A9FF
Prpf18,#7CAE00
Bend7,#7CAE00
Cdc123,#7CAE00
Gm13267,#00A9FF
Upf2,#7CAE00
Proser2,#7CAE00
Echdc3,#00A9FF
Taf3,#7CAE00
Atp5c1,#7CAE00
Nsun6,#7CAE00
Yme1l1,#7CAE00
Pnpla7,#F8766D
Nsmf,#7CAE00
Entpd8,#F8766D
C8g,#7CAE00
Nacc2,#7CAE00
Sec16a,#F8766D
Vav2,#00A9FF
Brd3,#00A9FF
Rxra,#CD9600
Tsc1,#00A9FF
Ttf1,#7CAE00
Med27,#7CAE00
Gm13402,#7CAE00
Rapgef1,#F8766D
Gle1,#7CAE00
Miga2,#CD9600
Tor1b,#7CAE00
Fnbp1,#7CAE00
Gpr107,#7CAE00
Nup214,#7CAE00
Prrc2b,#7CAE00
Zbtb43,#7CAE00
Gm13449,#7CAE00
Cntrl,#7CAE00
Rab14,#7CAE00
Nek6,#7CAE00
Psmb7,#7CAE00
Golga1,#7CAE00
Ppp6c,#7CAE00
Orc4,#7CAE00
Epc2,#7CAE00
Rif1,#7CAE00
Arl5a,#7CAE00
Prpf40a,#7CAE00
Gpd2,#7CAE00
Acvr1,#00A9FF
March7,#7CAE00
Rbms1,#F8766D
Psmd14,#7CAE00
Fign,#7CAE00
Cers6,#7CAE00
Nostrin,#7CAE00
Fastkd1,#7CAE00
Ppig,#7CAE00
Ssb,#7CAE00
Gorasp2,#7CAE00
Mettl8,#7CAE00
Slc25a12,#7CAE00
Metap1d,#00A9FF
Rapgef4os1,#FF61CC
Rapgef4os2,#7CAE00
Ola1,#7CAE00
Cir1,#7CAE00
Scrn3,#7CAE00
Mtx2,#7CAE00
Hnrnpa3,#7CAE00
Nfe2l2,#7CAE00
Zc3h15,#7CAE00
Fnbp4,#7CAE00
Mtch2,#7CAE00
Ndufs3,#7CAE00
Nr1h3,#7CAE00
Arfgap2,#00A9FF
Lrp4,#7CAE00
Ckap5,#7CAE00
F2,#CD9600
Atg13,#7CAE00
Pex16,#7CAE00
Cry2,#00A9FF
Ext2,#00A9FF
Api5,#7CAE00
Ldlrad3,#00A9FF
Gm13919,#FF61CC
Pamr1,#C77CFF
Ehf,#C77CFF
Nat10,#7CAE00
Hipk3,#7CAE00
Depdc7,#00A9FF
Immp1l,#7CAE00
Mettl15,#7CAE00
Slc12a6,#FF61CC
Aven,#7CAE00
Rmdn3,#7CAE00
Rtf1,#7CAE00
Mga,#7CAE00
Tmem87a,#7CAE00
Ganc,#00A9FF
Zfp106,#F8766D
Snap23,#7CAE00
Ubr1,#7CAE00
Pdia3,#00A9FF
Ctdspl2,#7CAE00
Eif3j1,#7CAE00
B2m,#7CAE00
Secisbp2l,#7CAE00
Usp8,#7CAE00
Usp50,#7CAE00
Mrps5,#7CAE00
Anapc1,#7CAE00
Mertk,#7CAE00
Idh3b,#7CAE00
Ptpra,#7CAE00
Mavs,#00A9FF
Slc23a2,#7CAE00
9630028H03Rik,#00A9FF
Slx4ip,#7CAE00
Tasp1,#7CAE00
Sec23b,#7CAE00
Dtd1,#7CAE00
Cfap61,#7CAE00
Gzf1,#7CAE00
Csnk2a1,#7CAE00
H13,#7CAE00
Trp53inp2,#7CAE00
Gss,#7CAE00
Trpc4ap,#7CAE00
Edem2,#7CAE00
Cpne1,#FF61CC
Nfs1,#7CAE00
Ndrg3,#7CAE00
Ctnnbl1,#7CAE00
Rprd1b,#7CAE00
Ralgapb,#7CAE00
Mafb,#F8766D
Plcg1,#00A9FF
Srsf6,#7CAE00
Sgk2,#00A9FF
Pkig,#7CAE00
Zmynd8,#7CAE00
Stau1,#00A9FF
Slc9a8,#7CAE00
Atp9a,#7CAE00
Rtf2,#7CAE00
Ctcfl,#7CAE00
Zfp970,#7CAE00
Osbpl2,#7CAE00
Arfgap1,#7CAE00
Helz2,#7CAE00
Gmeb2,#7CAE00
Pcmtd2,#7CAE00
Gripap1,#00A9FF
Otud5,#7CAE00
Sytl5,#C77CFF
Ddx3x,#7CAE00
Kdm6a,#7CAE00
Rgn,#00A9FF
Rbm10,#7CAE00
Mcts1,#7CAE00
Zdhhc9,#7CAE00
Utp14a,#7CAE00
Aifm1,#00A9FF
Mtmr1,#7CAE00
Ikbkg,#7CAE00
Pls3,#7CAE00
Zfx,#7CAE00
Ar,#F8766D
Eda,#7CAE00
Taf1,#7CAE00
Phka1,#7CAE00
Jpx,#7CAE00
Ftx,#7CAE00
Pgk1,#7CAE00
Sh3bgrl,#7CAE00
Col4a5,#C77CFF
Apex2,#F8766D
Fam120c,#7CAE00
Phf8,#7CAE00
Smc1a,#7CAE00
Kdm5c,#7CAE00
Shroom2,#F8766D
Phka2,#00A9FF
Cdkl5,#7CAE00
Mrps28,#7CAE00
Impa1,#00A9FF
Mtfr1,#7CAE00
Nceh1,#7CAE00
Fndc3b,#7CAE00
1700112D23Rik,#00A9FF
Sec62,#7CAE00
Phc3,#7CAE00
Mfn1,#7CAE00
Platr4,#7CAE00
Jade1,#7CAE00
Naa15,#7CAE00
Lhfp,#C77CFF
Smad9,#7CAE00
Wwtr1,#7CAE00
4921539H07Rik,#FF61CC
Aadac,#00A9FF
Dhx36,#7CAE00
Slc33a1,#7CAE00
Gmps,#7CAE00
Gfm1,#7CAE00
Rarres1,#FF61CC
Etfdh,#7CAE00
Fga,#7CAE00
Trim2,#FF61CC
Gatb,#7CAE00
Rrnad1,#7CAE00
Mef2d,#7CAE00
Sema4a,#7CAE00
Gon4l,#7CAE00
Pklr,#7CAE00
Clk2,#7CAE00
Efna1,#7CAE00
Flad1,#7CAE00
Them4,#00A9FF
Rorc,#7CAE00
Pogz,#7CAE00
Selenbp1,#00A9FF
Pi4kb,#7CAE00
Psmd4,#7CAE00
Pip5k1a,#7CAE00
Gabpb2,#7CAE00
Mindy1,#7CAE00
Cers2,#7CAE00
Rprd2,#7CAE00
Otud7b,#7CAE00
Pdzk1,#00A9FF
Sec22b,#7CAE00
Notch2,#7CAE00
Gdap2,#7CAE00
A230001M10Rik,#C77CFF
Ngf,#C77CFF
Csde1,#7CAE00
Hipk1,#7CAE00
St7l,#7CAE00
Dram2,#7CAE00
Ahcyl1,#7CAE00
Amy1,#7CAE00
Rnpc3,#7CAE00
Slc35a3,#7CAE00
Frrs1,#7CAE00
Palmd,#7CAE00
Tmem56,#00A9FF
Cnn3,#F8766D
Gclm,#7CAE00
Bcar3,#CD9600
Enpep,#7CAE00
Elovl6,#F8766D
Cfi,#00A9FF
Hadh,#00A9FF
Cyp2u1,#7CAE00
Sgms2,#7CAE00
Tbck,#7CAE00
Manba,#7CAE00
Mttp,#F8766D
Gm43691,#7CAE00
Gm16559,#7CAE00
Adh4,#CD9600
Adh5,#7CAE00
Rap1gds1,#7CAE00
Ddah1,#00A9FF
Dnajb4,#7CAE00
Acadm,#00A9FF
Zranb2,#7CAE00
Tgs1,#7CAE00
Lyn,#7CAE00
Car8,#00A9FF
Asph,#7CAE00
Ndufaf6,#7CAE00
Virma,#7CAE00
Decr1,#7CAE00
Ttpa,#F8766D
Usp45,#7CAE00
Coq3,#7CAE00
Ndufaf4,#7CAE00
Ufl1,#7CAE00
Map3k7,#7CAE00
Bach2,#F8766D
Rngtt,#7CAE00
Orc3,#7CAE00
Rars2,#7CAE00
Aco1,#00A9FF
Dnaja1,#00A9FF
Ubap2,#7CAE00
Vcp,#00A9FF
Grhpr,#00A9FF
Dcaf10,#7CAE00
Stra6l,#7CAE00
Xpa,#7CAE00
Trim14,#00A9FF
Gabbr2,#00A9FF
Stx17,#7CAE00
Erp44,#7CAE00
Baat,#7CAE00
Zfp462,#C77CFF
Tmem245,#7CAE00
Epb41l4b,#00A9FF
Dnajc25,#FF61CC
Hsdl2,#7CAE00
E130308A19Rik,#7CAE00
Mup20,#F8766D
Fkbp15,#F8766D
Alad,#7CAE00
Megf9,#7CAE00
Tle1,#CD9600
Kdm4c,#7CAE00
Ttc39b,#F8766D
Snapc3,#7CAE00
Plin2,#7CAE00
Dennd4c,#7CAE00
Focad,#7CAE00
Caap1,#7CAE00
Plaa,#7CAE00
Mysm1,#7CAE00
Hook1,#7CAE00
Angptl3,#00A9FF
E130102H24Rik,#7CAE00
0610043K17Rik,#F8766D
Lepr,#FF61CC
Pde4b,#7CAE00
Fyb2,#7CAE00
Plpp3,#CD9600
Usp24,#7CAE00
Dhcr24,#00A9FF
Yipf1,#7CAE00
Cpt2,#7CAE00
Zyg11a,#7CAE00
Zyg11b,#7CAE00
Nrd1,#7CAE00
Cyp4a12a,#7CAE00
Cyp4a12b,#7CAE00
Cyp4a32,#F8766D
Faah,#F8766D
Mast2,#7CAE00
Gpbp1l1,#7CAE00
Akr1a1,#7CAE00
Prdx1,#7CAE00
Zswim5,#7CAE00
Eif2b3,#7CAE00
Plk3,#7CAE00
Tmem53,#7CAE00
Eri3,#7CAE00
Atp6v0b,#7CAE00
Kdm4a,#7CAE00
AU022252,#7CAE00
Trit1,#7CAE00
Pabpc4,#7CAE00
Inpp5b,#7CAE00
Stk40,#7CAE00
Psmb2,#7CAE00
AU040320,#7CAE00
Phc2,#7CAE00
Yars,#7CAE00
Bsdc1,#7CAE00
Ptp4a2,#7CAE00
Mecr,#7CAE00
Eya3,#7CAE00
Wdtc1,#00A9FF
Nr0b2,#00A9FF
Dhdds,#7CAE00
Pafah2,#7CAE00
Paqr7,#7CAE00
Srrm1,#F8766D
Fuca1,#7CAE00
Hmgcl,#00A9FF
Asap3,#7CAE00
Tcea3,#00A9FF
Usp48,#7CAE00
Hp1bp3,#7CAE00
Cda,#7CAE00
Tmco4,#7CAE00
Capzb,#7CAE00
Ubr4,#7CAE00
Iffo2,#7CAE00
Arhgef10l,#7CAE00
Sdhb,#00A9FF
Szrd1,#7CAE00
Fbxo42,#7CAE00
Arhgef19,#00A9FF
Epha2,#7CAE00
Spen,#7CAE00
Dhrs3,#00A9FF
Tnfrsf1b,#7CAE00
Zfp981,#F8766D
Zfp933,#7CAE00
Mfn2,#00A9FF
Mtor,#7CAE00
Dffa,#7CAE00
H6pd,#00A9FF
Prkcz,#00A9FF
Cdk11b,#7CAE00
Ssu72,#7CAE00
Atad3a,#7CAE00
Dvl1,#7CAE00
Ube2j2,#7CAE00
Cdk6,#7CAE00
Fam133b,#7CAE00
Pex1,#7CAE00
Krit1,#7CAE00
Abcb4,#CD9600
Tmem243,#7CAE00
Dmtf1,#7CAE00
Rsbn1l,#7CAE00
Orc5,#7CAE00
6030443J06Rik,#7CAE00
Rint1,#7CAE00
1500035N22Rik,#00A9FF
Gm26608,#00A9FF
Ube3c,#7CAE00
Hadha,#F8766D
Hadhb,#7CAE00
Selenoi,#00A9FF
Mapre3,#7CAE00
Preb,#7CAE00
Gtf3c2,#FF61CC
Eif2b4,#7CAE00
Slc4a1ap,#7CAE00
Prr14l,#7CAE00
Uvssa,#7CAE00
Mxd4,#7CAE00
Hgfac,#00A9FF
Acox3,#FF61CC
Stx18,#7CAE00
Slc2a9,#CD9600
Bod1l,#7CAE00
Tapt1,#F8766D
Qdpr,#7CAE00
Lap3,#00A9FF
Lcorl,#7CAE00
Ppargc1a,#7CAE00
Sepsecs,#F8766D
Gm30301,#7CAE00
Sel1l3,#7CAE00
Rell1,#7CAE00
Pgm1,#FF61CC
Klf3,#7CAE00
Fam114a1,#7CAE00
Klhl5,#7CAE00
Klb,#00A9FF
Lias,#7CAE00
Smim14,#7CAE00
N4bp2,#F8766D
Dcun1d4,#7CAE00
Fip1l1,#7CAE00
Chic2,#7CAE00
Clock,#7CAE00
Paics,#7CAE00
Srp72,#7CAE00
Hopx,#7CAE00
Stap1,#7CAE00
Ythdc1,#F8766D
Ugt2b5,#7CAE00
Ugt2a3,#F8766D
Sult1d1,#00A9FF
Grsf1,#7CAE00
Slc4a4,#7CAE00
Gm19619,#7CAE00
G3bp2,#7CAE00
Uso1,#7CAE00
Antxr2,#7CAE00
Hnrnpd,#7CAE00
Ptpn13,#C77CFF
Aff1,#7CAE00
Hsd17b11,#7CAE00
BC005561,#F8766D
Tmed5,#7CAE00
Pcgf3,#7CAE00
Gak,#7CAE00
Dgkq,#7CAE00
Slc26a1,#00A9FF
Golga3,#7CAE00
Fbrsl1,#7CAE00
Ulk1,#7CAE00
Mn1,#00A9FF
Acacb,#7CAE00
Ube3b,#7CAE00
Hnf1a,#7CAE00
Rnf10,#7CAE00
Pxn,#7CAE00
Hspb8,#7CAE00
Srrm4os,#7CAE00
Suds3,#7CAE00
Fbxo21,#00A9FF
Fbxw8,#7CAE00
Med13l,#F8766D
Tbx3,#FF61CC
Sds,#00A9FF
Hectd4,#7CAE00
Naa25,#7CAE00
Acad10,#00A9FF
Gm16552,#00A9FF
Camkk2,#7CAE00
Tmem120b,#7CAE00
Setd1b,#7CAE00
Bcl7a,#7CAE00
Clip1,#7CAE00
Zcchc8,#7CAE00
Rsrc2,#7CAE00
Hip1r,#7CAE00
Vps37b,#7CAE00
Pitpnm2,#00A9FF
Sbno1,#7CAE00
Ncor2,#7CAE00
Slc15a4,#00A9FF
Sfswap,#F8766D
Nipsnap2,#7CAE00
Rabgef1,#7CAE00
Tmem248,#7CAE00
Auts2,#C77CFF
Gtf2i,#F8766D
Gtf2ird1,#7CAE00
Tmem120a,#7CAE00
Gm16599,#7CAE00
Srrt,#7CAE00
Epo,#7CAE00
Gigyf1,#7CAE00
Agfg2,#7CAE00
Fam20c,#7CAE00
3110082I17Rik,#7CAE00
Gpr146,#7CAE00
Mad1l1,#7CAE00
Foxk1,#7CAE00
Wipi2,#7CAE00
Tnrc18,#F8766D
Kdelr2,#7CAE00
Daglb,#7CAE00
Eif2ak1,#7CAE00
Ccz1,#7CAE00
Zfp655,#7CAE00
Cyp3a59,#FF61CC
Mtif3,#7CAE00
Lnx2,#7CAE00
Slc46a3,#7CAE00
Ubl3,#7CAE00
Pds5b,#7CAE00
Stard13,#00A9FF
Casd1,#7CAE00
Pon3,#00A9FF
Umad1,#FF61CC
Bmt2,#7CAE00
St7,#7CAE00
Cftr,#C77CFF
Cttnbp2,#C77CFF
Wasl,#7CAE00
Rbm28,#7CAE00
Nrf1,#7CAE00
Copg2,#7CAE00
Creb3l2,#7CAE00
Trim24,#7CAE00
Braf,#7CAE00
Mgam,#00A9FF
Zfp746,#7CAE00
Rarres2,#FF61CC
Snx10,#7CAE00
Skap2,#7CAE00
Tax1bp1,#F8766D
Creb5,#C77CFF
Wipf3,#7CAE00
Plekha8,#7CAE00
Abcg2,#00A9FF
Serbp1,#7CAE00
Fabp1,#F8766D
Immt,#7CAE00
Ptcd3,#7CAE00
Polr1a,#7CAE00
Ggcx,#00A9FF
Elmod3,#7CAE00
Suclg1,#00A9FF
Dqx1,#FF61CC
Tet3,#7CAE00
Nat8f2,#F8766D
Nat8f1,#7CAE00
Tprkb,#00A9FF
Dusp11,#7CAE00
1600020E01Rik,#F8766D
Rab43,#FF61CC
Sec61a1,#7CAE00
Mgll,#CD9600
Nup210,#7CAE00
Adamts9,#C77CFF
9530026P05Rik,#C77CFF
Slc25a26,#7CAE00
Mitf,#7CAE00
Shq1,#7CAE00
Arl8b,#7CAE00
Edem1,#00A9FF
Irak2,#F8766D
Atg7,#F8766D
Washc2,#7CAE00
Cxcl12,#00A9FF
Wnt5b,#7CAE00
Atp6v1e1,#7CAE00
Bcl2l13,#7CAE00
Mical3,#F8766D
Gm43915,#7CAE00
Gm44148,#7CAE00
Slc6a13,#00A9FF
Slc6a12,#7CAE00
Pex5,#7CAE00
C1rl,#00A9FF
C1ra,#7CAE00
Ptms,#7CAE00
Chd4,#7CAE00
Scnn1a,#7CAE00
Ntf3,#FF61CC
Tspan9,#7CAE00
Borcs5,#7CAE00
Atf7ip,#7CAE00
Plbd1,#00A9FF
Dera,#7CAE00
Slco1a4,#FF61CC
Rassf8,#7CAE00
Ccdc91,#7CAE00
Ergic2,#F8766D
Ipo8,#7CAE00
Amn1,#7CAE00
Nlrp12,#00A9FF
Cnot3,#7CAE00
Epn1,#7CAE00
Zfp787,#7CAE00
Zfp444,#7CAE00
Zfp110,#7CAE00
Bicra,#7CAE00
Ppp1r37,#7CAE00
Apoc2,#FF61CC
Apoc4,#FF61CC
Tomm40,#00A9FF
Ceacam1,#7CAE00
Hnrnpul1,#7CAE00
Cyp2a12,#7CAE00
Cyp2f2,#7CAE00
Gm15883,#7CAE00
Blvrb,#7CAE00
Akt2,#00A9FF
Zfp780b,#7CAE00
Supt5,#7CAE00
Hnrnpl,#7CAE00
Lgals4,#7CAE00
Zfp568,#7CAE00
Kmt2b,#7CAE00
Fxyd1,#00A9FF
Lsm14a,#7CAE00
Gpatch1,#7CAE00
D530033B14Rik,#00A9FF
1600014C10Rik,#00A9FF
Zfp141,#7CAE00
Zfp975,#7CAE00
Aspdh,#7CAE00
Josd2,#00A9FF
Kcnc3,#7CAE00
Dhdh,#FF61CC
Tulp2,#00A9FF
Bcat2,#00A9FF
Kdelr1,#7CAE00
Ldha,#7CAE00
Nav2,#F8766D
Herc2,#7CAE00
Mtmr10,#7CAE00
Fan1,#7CAE00
Pcsk6,#F8766D
Igf1r,#C77CFF
Gm16158,#7CAE00
Nr2f2,#7CAE00
Slco3a1,#C77CFF
Abhd2,#7CAE00
Anpep,#7CAE00
Zfp710,#7CAE00
Furin,#7CAE00
Crtc3,#7CAE00
Iqgap1,#C77CFF
Sec11a,#7CAE00
Zfp592,#7CAE00
Homer2,#F8766D
Abhd17c,#7CAE00
Pcf11,#7CAE00
Rsf1,#7CAE00
Emsy,#7CAE00
Slco2b1,#00A9FF
Ppme1,#7CAE00
Arap1,#7CAE00
Numa1,#7CAE00
Stim1,#7CAE00
Hpx,#7CAE00
Gm20663,#7CAE00
1600010M07Rik,#7CAE00
Eif4g2,#7CAE00
Copb1,#7CAE00
4933406I18Rik,#7CAE00
Insc,#00A9FF
Plekha7,#7CAE00
Gde1,#7CAE00
Pdilt,#7CAE00
Gm19950,#7CAE00
Acsm3,#00A9FF
Dcun1d3,#7CAE00
Anks4b,#7CAE00
Uqcrc2,#7CAE00
Tnrc6a,#F8766D
Gtf3c1,#7CAE00
D430042O09Rik,#7CAE00
Xpo6,#7CAE00
Sbk1,#7CAE00
Atxn2l,#7CAE00
Taok2,#7CAE00
Qprt,#00A9FF
Sephs2,#7CAE00
Prr14,#7CAE00
Srcap,#00A9FF
Setd1a,#7CAE00
Tial1,#7CAE00
Sec23ip,#7CAE00
Wdr11,#7CAE00
Lhpp,#FF61CC
Edrf1,#7CAE00
Uros,#7CAE00
Echs1,#7CAE00
Rnh1,#00A9FF
Phrf1,#7CAE00
Cdhr5,#7CAE00
Eps8l2,#7CAE00
Slc25a22,#00A9FF
Tspan4,#7CAE00
Ap2a2,#7CAE00
Mob2,#7CAE00
Slc22a18,#00A9FF
Nap1l4,#7CAE00
Nadsyn1,#7CAE00
Ppfia1,#7CAE00
Iyd,#7CAE00
Rmnd1,#00A9FF
Lats1,#7CAE00
Ppil4,#7CAE00
Shprh,#00A9FF
Pex3,#7CAE00
Reps1,#7CAE00
Ccdc28a,#7CAE00
Nhsl1,#7CAE00
Pex7,#00A9FF
Enpp1,#7CAE00
Enpp3,#00A9FF
Smlr1,#7CAE00
Gm29571,#7CAE00
L3mbtl3,#7CAE00
Echdc1,#7CAE00
Rnf217,#F8766D
Nt5dc1,#7CAE00
Lama4,#C77CFF
Cep57l1,#7CAE00
Afg1l,#7CAE00
Sobp,#C77CFF
Prep,#7CAE00
Gopc,#7CAE00
Hsf2,#00A9FF
Gcc2,#7CAE00
Pla2g12b,#7CAE00
Micu1,#7CAE00
Lrrc20,#7CAE00
Ppa1,#00A9FF
Ddx50,#7CAE00
Dna2,#00A9FF
Hnrnph3,#7CAE00
Dnajc12,#00A9FF
Bicc1,#C77CFF
Bcr,#00A9FF
Cabin1,#7CAE00
Gstt2,#00A9FF
Fam207a,#7CAE00
Trappc10,#7CAE00
Agpat3,#00A9FF
Tmem259,#7CAE00
Sbno2,#7CAE00
Stk11,#7CAE00
Reep6,#00A9FF
Rexo1,#7CAE00
Ap3d1,#7CAE00
Map2k2,#7CAE00
Txnrd1,#7CAE00
Rfx4,#7CAE00
Hsp90b1,#F8766D
Nt5dc3,#7CAE00
Actr6,#7CAE00
Slc25a3,#7CAE00
Hal,#F8766D
Nr2c1,#7CAE00
Nudt4,#7CAE00
Syt1,#00A9FF
Phlda1,#7CAE00
Gm30262,#7CAE00
Tbc1d15,#7CAE00
Rab21,#7CAE00
Tmem19,#7CAE00
Thap2,#7CAE00
Lgr5,#FF61CC
Tspan8,#C77CFF
Rab3ip,#7CAE00
Mdm2,#7CAE00
Grip1,#FF61CC
Helb,#7CAE00
Lemd3,#7CAE00
Tbc1d30,#7CAE00
Gns,#7CAE00
Tbk1,#7CAE00
Xpot,#7CAE00
Gm36041,#FF61CC
Slc16a7,#FF61CC
Lrig3,#00A9FF
Tspan31,#7CAE00
Agap2,#7CAE00
Os9,#00A9FF
Gm47200,#00A9FF
Inhbe,#7CAE00
Inhbc,#7CAE00
Rdh16f2,#00A9FF
Hsd17b6,#FF61CC
Ptges3,#7CAE00
Atp5b,#7CAE00
Pan2,#00A9FF
Cs,#7CAE00
Smarcc2,#7CAE00
Erbb3,#F8766D
9030616G12Rik,#00A9FF
Arhgef18,#7CAE00
Pex11g,#7CAE00
Pnpla6,#7CAE00
Timm44,#7CAE00
Elavl1,#7CAE00
Ccl25,#00A9FF
Arglu1,#7CAE00
B930025P03Rik,#FF61CC
Irs2,#00A9FF
Arhgef7,#00A9FF
F7,#00A9FF
Grtp1,#00A9FF
Tfdp1,#7CAE00
Gas6,#C77CFF
Mcph1,#7CAE00
Atp7b,#7CAE00
Slc25a15,#CD9600
Ikbkb,#7CAE00
Ddhd2,#7CAE00
Bag4,#7CAE00
Wrn,#7CAE00
Gsr,#7CAE00
Mfhas1,#7CAE00
Vps37a,#7CAE00
B430010I23Rik,#00A9FF
Gm16193,#00A9FF
Mtnr1a,#FF61CC
F11,#00A9FF
Klkb1,#CD9600
Ufsp2,#7CAE00
Stox2,#C77CFF
Wwc2,#7CAE00
Cep44,#7CAE00
Fbxo8,#7CAE00
Clcn3,#7CAE00
Nek1,#F8766D
Gm45589,#FF61CC
Atp6v1b2,#7CAE00
Gatad2a,#7CAE00
Slc25a42,#CD9600
Kxd1,#7CAE00
Ell,#00A9FF
Pde4c,#00A9FF
Eps15l1,#7CAE00
Cherp,#7CAE00
Med26,#7CAE00
Slc10a7,#7CAE00
Otud4,#7CAE00
Abce1,#7CAE00
Smarca5,#7CAE00
Tecr,#7CAE00
Gcdh,#F8766D
Hook2,#7CAE00
Gm42031,#7CAE00
Dnaja2,#7CAE00
Heatr3,#7CAE00
Brd7,#7CAE00
Rbl2,#00A9FF
Nlrc5,#7CAE00
Rspry1,#7CAE00
Ciapin1,#7CAE00
Coq9,#7CAE00
Got2,#00A9FF
D230025D16Rik,#CD9600
B3gnt9,#7CAE00
Atp6v0d1,#7CAE00
Edc4,#7CAE00
Pskh1,#7CAE00
Lcat,#7CAE00
Esrp2,#7CAE00
Slc7a6os,#7CAE00
Tango6,#7CAE00
Wwp2,#7CAE00
Psmd7,#7CAE00
Zfp612,#7CAE00
Il34,#C77CFF
Ddx19b,#7CAE00
Aars,#00A9FF
Glg1,#7CAE00
Ldhd,#7CAE00
Bcar1,#7CAE00
Cfdp1,#7CAE00
Mlycd,#7CAE00
Osgin1,#7CAE00
Mbtps1,#7CAE00
Usp10,#FF61CC
Fbxo31,#00A9FF
Zcchc14,#7CAE00
Sult5a1,#7CAE00
Abcb10,#7CAE00
2810004N23Rik,#7CAE00
Pxk,#7CAE00
Pdhb,#7CAE00
Ngly1,#7CAE00
Top2b,#7CAE00
Nkiras1,#7CAE00
Ube2e1,#7CAE00
Ube2e2,#00A9FF
Sec24c,#7CAE00
Zswim8,#7CAE00
Ndst2,#7CAE00
Kcnma1,#C77CFF
Polr3a,#7CAE00
Anxa11,#7CAE00
Arf4,#7CAE00
Chdh,#F8766D
Itih1,#00A9FF
Gnl3,#7CAE00
Smim4,#7CAE00
Sh3bp5,#00A9FF
Hacl1,#FF61CC
Ncoa4,#7CAE00
Timm23,#7CAE00
Parg,#7CAE00
Ercc6,#7CAE00
Bmpr1a,#7CAE00
Ccser2,#7CAE00
Sh2d4b,#C77CFF
Mbl1,#7CAE00
Psmc6,#7CAE00
Fermt2,#F8766D
Mapk1ip1l,#7CAE00
Atg14,#7CAE00
Ktn1,#7CAE00
Peli2,#F8766D
Rnase4,#00A9FF
Supt16,#7CAE00
Chd8,#7CAE00
Pabpn1,#FF61CC
Zfhx2,#7CAE00
Dhrs4,#7CAE00
Dcaf11,#F8766D
Cideb,#7CAE00
Mphosph8,#7CAE00
Pspc1,#7CAE00
Xpo4,#7CAE00
Micu2,#7CAE00
Rcbtb1,#7CAE00
Setdb2,#00A9FF
Cdadc1,#7CAE00
Ebpl,#FF61CC
Kpna3,#7CAE00
Gata4,#00A9FF
Ints9,#7CAE00
Scara5,#CD9600
Ccdc25,#7CAE00
Scara3,#C77CFF
Gulo,#00A9FF
Ptk2b,#F8766D
Adra1a,#00A9FF
Ppp2r2a,#7CAE00
Sorbs3,#00A9FF
Itm2b,#00A9FF
Sucla2,#7CAE00
Slc25a30,#7CAE00
Gtf2f2,#7CAE00
Akap11,#7CAE00
Naa16,#7CAE00
Pibf1,#7CAE00
4930517O19Rik,#00A9FF
Lmo7,#7CAE00
Dnajc3,#7CAE00
Ubac2,#7CAE00
Tm9sf2,#7CAE00
Cwf19l2,#7CAE00
Pdgfd,#C77CFF
Yap1,#F8766D
Maml2,#C77CFF
4931406C07Rik,#7CAE00
Taf1d,#7CAE00
Chordc1,#7CAE00
Zfp266,#7CAE00
Col5a3,#00A9FF
Atg4d,#7CAE00
Dnm2,#7CAE00
Smarca4,#7CAE00
Angptl8,#7CAE00
Tmem205,#00A9FF
Rgl3,#00A9FF
1810064F22Rik,#FF61CC
Dpy19l1,#F8766D
Ncapd3,#7CAE00
Snx19,#7CAE00
Prdm10,#7CAE00
Gm47465,#F8766D
Arhgap32,#7CAE00
Srpr,#7CAE00
Foxred1,#7CAE00
Ei24,#00A9FF
Hspa8,#7CAE00
Tbcel,#7CAE00
Nectin1,#7CAE00
Slc37a4,#00A9FF
Bcl9l,#F8766D
Arcn1,#7CAE00
Tmem25,#00A9FF
Kmt2a,#7CAE00
Mpzl2,#00A9FF
Bace1,#7CAE00
Pcsk7,#00A9FF
Sidt2,#7CAE00
Apoa1,#F8766D
Apoc3,#7CAE00
Nnmt,#F8766D
Dlat,#7CAE00
Dixdc1,#00A9FF
Exph5,#00A9FF
Cul5,#7CAE00
Dmxl2,#F8766D
Idh3a,#7CAE00
Ube2q2,#7CAE00
Fbxo22,#7CAE00
Hmg20a,#7CAE00
Ptpn9,#7CAE00
Gm10658,#F8766D
Sin3a,#7CAE00
Csk,#7CAE00
Edc3,#00A9FF
Thsd4,#C77CFF
Anp32a,#00A9FF
Map2k1,#7CAE00
Dennd4a,#7CAE00
Dpp8,#7CAE00
Rbpms2,#7CAE00
Dapk2,#7CAE00
Herc1,#7CAE00
Vps13c,#F8766D
Ice2,#7CAE00
Aqp9,#CD9600
Cgnl1,#F8766D
Onecut1,#F8766D
Fbxo9,#7CAE00
Ick,#7CAE00
Eef1a1,#7CAE00
Slc17a5,#7CAE00
Gm27216,#7CAE00
Gm46124,#00A9FF
Ibtk,#7CAE00
Pgm3,#7CAE00
Syncrip,#7CAE00
Zfp949,#7CAE00
Ctsh,#00A9FF
Morf4l1,#7CAE00
Gm30849,#7CAE00
Paqr9,#7CAE00
Xrn1,#F8766D
Nmnat3,#7CAE00
Pik3cb,#7CAE00
Nck1,#7CAE00
Pccb,#7CAE00
Trf,#FF61CC
Nphp3,#7CAE00
Dnajc13,#7CAE00
Glyctk,#F8766D
Wdr82,#7CAE00
Parp3,#7CAE00
Dcaf1,#7CAE00
Ip6k1,#7CAE00
Rnf123,#00A9FF
Mst1,#00A9FF
Usp4,#F8766D
Arih2,#7CAE00
Prkar2a,#7CAE00
Scap,#7CAE00
Rtp3,#00A9FF
Gm36251,#00A9FF
Ubp1,#7CAE00
Cnot10,#7CAE00
Tgfbr2,#FF61CC
Rbms3,#C77CFF
Cmc1,#7CAE00
Slc22a14,#00A9FF
Acaa1a,#00A9FF
Lars2,#7CAE00
Sacm1l,#7CAE00
Fyco1,#F8766D
Sfi1,#7CAE00
Eif4enif1,#7CAE00
Rnf185,#7CAE00
Morc2a,#7CAE00
Sec14l4,#F8766D
Ccdc157,#7CAE00
Nf2,#7CAE00
Ap1b1,#7CAE00
Znrf3,#F8766D
Gm11963,#FF61CC
Xbp1,#7CAE00
Camk2b,#F8766D
1700042O10Rik,#00A9FF
Spred2,#7CAE00
Rab1a,#7CAE00
Aftph,#7CAE00
Peli1,#7CAE00
Vps54,#7CAE00
Mdh1,#7CAE00
Pex13,#7CAE00
Pus10,#7CAE00
Mtif2,#7CAE00
Asb3,#7CAE00
Nprl3,#7CAE00
Pwwp2a,#7CAE00
Ublcp1,#7CAE00
Clint1,#7CAE00
Timd2,#F8766D
Trim41,#7CAE00
Mrnip,#7CAE00
Sqstm1,#7CAE00
Maml1,#7CAE00
Hnrnph1,#7CAE00
Rufy1,#7CAE00
Phykpl,#7CAE00
Sar1b,#F8766D
Hspa4,#7CAE00
Shroom1,#7CAE00
G3bp1,#7CAE00
Cnot8,#7CAE00
Trim11,#7CAE00
Snap47,#7CAE00
Cops3,#7CAE00
Rai1,#7CAE00
Aldh3a2,#00A9FF
Ttc19,#7CAE00
Cenpv,#7CAE00
Hs3st3b1,#00A9FF
Cox10,#7CAE00
Ndel1,#7CAE00
Fxr2,#7CAE00
Eif4a1,#7CAE00
Polr2a,#7CAE00
Asgr1,#7CAE00
Asgr2,#7CAE00
Mink1,#7CAE00
Camta2,#7CAE00
Inca1,#F8766D
Kif1c,#00A9FF
Derl2,#7CAE00
Shpk,#00A9FF
Aspa,#F8766D
Cluh,#00A9FF
Rtn4rl1,#FF61CC
Serpinf1,#00A9FF
Serpinf2,#00A9FF
Vps53,#7CAE00
Abhd15,#00A9FF
Phf12,#F8766D
Supt6,#7CAE00
2610507B11Rik,#7CAE00
Vtn,#7CAE00
Nlk,#7CAE00
Adap2os,#7CAE00
Rnf135,#7CAE00
Gm31522,#7CAE00
Heatr6,#7CAE00
Tada2a,#7CAE00
Aatf,#7CAE00
Brip1os,#7CAE00
Mtmr4,#7CAE00
Rnf43,#00A9FF
Cuedc1,#C77CFF
Trim25,#7CAE00
Mmd,#00A9FF
Hlf,#CD9600
Tob1,#7CAE00
Luc7l3,#7CAE00
Acsf2,#00A9FF
Zfp652,#7CAE00
Med1,#7CAE00
Grb7,#7CAE00
Nr1d1,#7CAE00
Acly,#7CAE00
Tmem106a,#7CAE00
Dhx8,#7CAE00
Dcakd,#F8766D
Nsf,#7CAE00
Cdc27,#7CAE00
Taco1,#CD9600
Map3k3,#7CAE00
Ddx42,#7CAE00
Bptf,#7CAE00
Psmd12,#7CAE00
Prkca,#7CAE00
Apoh,#00A9FF
Axin2,#FF61CC
Arsg,#7CAE00
Fam20a,#00A9FF
2610035D17Rik,#C77CFF
Slc39a11,#7CAE00
Cdc42ep4,#00A9FF
Ttyh2,#7CAE00
Fdxr,#7CAE00
Grb2,#7CAE00
Recql5,#7CAE00
Prpsap1,#00A9FF
Sept9,#7CAE00
Afmid,#FF61CC
Tbc1d16,#00A9FF
P4hb,#7CAE00
Sirt7,#00A9FF
Notum,#00A9FF
Aspscr1,#00A9FF
Gm17178,#7CAE00
Narf,#7CAE00
Foxk2,#7CAE00
Tbcd,#7CAE00
Asb13,#7CAE00
Akr1c14,#00A9FF
Akr1c20,#00A9FF
Akr1e1,#7CAE00
Wdr37,#7CAE00
Gtpbp4,#7CAE00
Ero1lb,#00A9FF
Tbce,#7CAE00
Vps41,#7CAE00
Zscan26,#F8766D
Slc17a4,#7CAE00
Mrs2,#7CAE00
Dcdc2a,#C77CFF
E2f3,#7CAE00
Agtr1a,#00A9FF
Exoc2,#7CAE00
Bphl,#00A9FF
Slc22a23,#CD9600
Gm16984,#00A9FF
Cdyl,#7CAE00
Nrn1,#00A9FF
AI463229,#7CAE00
Snrnp48,#7CAE00
Bmp6,#C77CFF
Txndc5,#7CAE00
Gm32063,#00A9FF
Hivep1,#7CAE00
Dtnbp1,#7CAE00
Kif13a,#7CAE00
Tpmt,#00A9FF
Rnf144b,#00A9FF
Phf2,#7CAE00
Spin1,#7CAE00
Secisbp2,#7CAE00
Auh,#00A9FF
Sfxn1,#7CAE00
Simc1,#7CAE00
4833439L19Rik,#7CAE00
Faf2,#7CAE00
Fgfr4,#7CAE00
Lman2,#7CAE00
Fam193b,#7CAE00
Ddx46,#7CAE00
Txndc15,#7CAE00
Pcbd2,#7CAE00
H2afy,#7CAE00
Lect2,#FF61CC
Klhl3,#00A9FF
Ubqln1,#7CAE00
Hnrnpk,#7CAE00
Ntrk2,#FF61CC
Naa35,#7CAE00
Ptch1,#7CAE00
Ercc6l2,#7CAE00
1810034E14Rik,#00A9FF
Nsun2,#00A9FF
Srd5a1,#00A9FF
Sdha,#7CAE00
E430024I08Rik,#7CAE00
Erap1,#7CAE00
Cast,#7CAE00
Ttc37,#7CAE00
Arrdc3,#7CAE00
Xrcc4,#7CAE00
Tmem167,#7CAE00
Msh3,#7CAE00
Dhfr,#7CAE00
Jmy,#7CAE00
Arsb,#7CAE00
Scamp1,#7CAE00
Gfm2,#7CAE00
Bdp1,#7CAE00
Ocln,#7CAE00
Rad17,#7CAE00
Ccdc125,#7CAE00
Cdk7,#7CAE00
Slc30a5,#7CAE00
Mast4,#7CAE00
Elovl7,#C77CFF
Pde4d,#00A9FF
Gpbp1,#7CAE00
Slc38a9,#7CAE00
A430090L17Rik,#7CAE00
Mocs2,#00A9FF
Itga1,#00A9FF
Parp8,#C77CFF
Paip1,#7CAE00
4833420G17Rik,#7CAE00
Dnmt3a,#7CAE00
Sdc1,#7CAE00
Ddx1,#7CAE00
Nbas,#7CAE00
Id2,#7CAE00
Gm36287,#FF61CC
Trappc12,#7CAE00
Gm31508,#00A9FF
Gm31333,#00A9FF
Hbp1,#7CAE00
Ahr,#00A9FF
Ifrd1,#7CAE00
Lrrn3,#7CAE00
Gm47371,#00A9FF
Scfd1,#7CAE00
Ralgapa1,#7CAE00
Sec23a,#7CAE00
Gemin2,#7CAE00
Prpf39,#7CAE00
Nemf,#7CAE00
L2hgdh,#7CAE00
Map4k5,#7CAE00
Psma3,#F8766D
Arid4a,#00A9FF
Timm9,#F8766D
2700049A03Rik,#7CAE00
Ppm1a,#7CAE00
Mnat1,#7CAE00
Rhoj,#C77CFF
Gm34868,#00A9FF
Plekhg3,#F8766D
Max,#7CAE00
Zfyve26,#7CAE00
Slc39a9,#7CAE00
Slc10a1,#F8766D
Synj2bp,#FF61CC
Pcnx,#7CAE00
Sipa1l1,#7CAE00
Dpf3,#00A9FF
Elmsan1,#7CAE00
Ptgr2,#00A9FF
Zfp410,#7CAE00
Entpd5,#00A9FF
Arel1,#7CAE00
Dlst,#7CAE00
Tmed10,#7CAE00
Flvcr2,#FF61CC
Cipc,#7CAE00
Vipas39,#7CAE00
Alkbh1,#7CAE00
Adck1,#7CAE00
Psmc1,#7CAE00
Ttc7b,#F8766D
Rin3,#7CAE00
Golga5,#7CAE00
Ddx24,#7CAE00
Serpina10,#7CAE00
Serpina1b,#F8766D
Serpina11,#7CAE00
Serpina3m,#F8766D
Dicer1,#7CAE00
Syne3,#FF61CC
Atg2b,#7CAE00
Yy1,#7CAE00
Wdr25,#7CAE00
Ppp2r5c,#7CAE00
Wdr20,#7CAE00
Rcor1,#7CAE00
Traf3,#7CAE00
Cdc42bpb,#7CAE00
Eif5,#F8766D
Brf1,#7CAE00
Wdr70,#7CAE00
Nup155,#7CAE00
Nadk2,#00A9FF
Ugt3a1,#7CAE00
Amacr,#00A9FF
Cdh6,#C77CFF
Myo10,#7CAE00
Ank,#00A9FF
Otulin,#F8766D
Trio,#7CAE00
Ctnnd2,#C77CFF
Cmbl,#F8766D
Sema5a,#C77CFF
Rida,#7CAE00
Nipal2,#C77CFF
Stk3,#7CAE00
Rnf19a,#7CAE00
Pabpc1,#7CAE00
Ncald,#FF61CC
Azin1,#F8766D
Slc25a32,#7CAE00
Oxr1,#7CAE00
Angpt1,#C77CFF
Mal2,#7CAE00
Taf2,#7CAE00
Fam91a1,#7CAE00
Pvt1,#7CAE00
Asap1,#7CAE00
Phf20l1,#F8766D
St3gal1,#F8766D
Nrbp2,#7CAE00
Plec,#7CAE00
Grina,#7CAE00
Oplah,#7CAE00
Adck5,#7CAE00
Gpt,#00A9FF
Apol7a,#00A9FF
Apol9a,#7CAE00
Txn2,#7CAE00
Tmprss6,#00A9FF
Sun2,#7CAE00
Apobec3,#C77CFF
Slc25a17,#7CAE00
Ep300,#7CAE00
Tob2,#7CAE00
Polr3h,#7CAE00
Cyp2d10,#F8766D
Cyp2d9,#CD9600
Cyp2d40,#7CAE00
Pacsin2,#7CAE00
Ttc38,#00A9FF
Tbc1d22a,#7CAE00
Brd1,#7CAE00
Trabd,#00A9FF
Selenoo,#7CAE00
Sco2,#CD9600
Chkb,#FF61CC
Arsa,#7CAE00
Scaf11,#7CAE00
Ccnt1,#7CAE00
Adcy6,#7CAE00
Kmt2d,#7CAE00
Dnajc22,#7CAE00
Tmbim6,#00A9FF
Gpd1,#7CAE00
Atf1,#7CAE00
Tfcp2,#7CAE00
Eif4b,#7CAE00
Tns2,#7CAE00
Soat2,#7CAE00
Zfp740,#7CAE00
Atf7,#FF61CC
Copz1,#7CAE00
Naa60,#FF61CC
Dnaja3,#7CAE00
Mgrn1,#7CAE00
Glyr1,#7CAE00
Ubn1,#7CAE00
Pmm2,#7CAE00
Usp7,#7CAE00
Dexi,#7CAE00
Clec16a,#7CAE00
Gspt1,#7CAE00
Parn,#7CAE00
Bfar,#00A9FF
Mpv17l,#00A9FF
Prkdc,#7CAE00
Dnm1l,#7CAE00
Mapk1,#7CAE00
Ube2l3,#7CAE00
Serpind1,#00A9FF
Med15,#7CAE00
Dgcr2,#FF61CC
Ufd1,#7CAE00
Hira,#FF61CC
Klhl24,#7CAE00
Yeats2,#7CAE00
Clcn2,#7CAE00
Ehhadh,#7CAE00
Map3k13,#7CAE00
Senp2,#7CAE00
Tbccd1,#7CAE00
Fetub,#7CAE00
Eif4a2,#7CAE00
Ccdc50,#7CAE00
Mb21d2,#7CAE00
Opa1,#7CAE00
Lsg1,#7CAE00
Acap2,#7CAE00
Bdh1,#00A9FF
Senp5,#7CAE00
Pcyt1a,#7CAE00
Fyttd1,#7CAE00
Slc12a8,#C77CFF
Hacd2,#F8766D
Dtx3l,#7CAE00
Parp9,#00A9FF
Kpna1,#7CAE00
Gtf2e1,#7CAE00
Rabl3,#7CAE00
Tmem39a,#7CAE00
Gm9968,#7CAE00
Ccdc191,#7CAE00
Gm609,#C77CFF
Gm15638,#7CAE00
Nectin3,#7CAE00
Zbtb11,#7CAE00
Tfg,#7CAE00
Cpox,#00A9FF
Pros1,#00A9FF
Zfp654,#7CAE00
Robo1,#FF61CC
Nrip1,#7CAE00
Ltn1,#7CAE00
Usp16,#7CAE00
Bach1,#7CAE00
Sod1,#7CAE00
Scaf4,#7CAE00
Paxbp1,#7CAE00
Ifnar2,#7CAE00
Itsn1,#00A9FF
Hlcs,#7CAE00
Snx9,#00A9FF
Slc22a1,#00A9FF
Mrpl18,#00A9FF
Tcp1,#7CAE00
Sod2,#00A9FF
Fam120b,#7CAE00
Psmb1,#7CAE00
Chd1,#7CAE00
Riok2,#7CAE00
Zfp942,#7CAE00
Pdpk1,#7CAE00
Tbc1d24,#7CAE00
Tedc2,#F8766D
Eci1,#7CAE00
Zfp598,#7CAE00
Msrb1,#7CAE00
Mapk8ip3,#7CAE00
Cramp1l,#7CAE00
Ube2i,#7CAE00
Rab40c,#7CAE00
Capn15,#7CAE00
Rab11fip3,#7CAE00
Decr2,#00A9FF
Luc7l,#7CAE00
Ergic1,#7CAE00
Ggnbp1,#00A9FF
Nudt3,#7CAE00
Anks1,#7CAE00
Ppard,#7CAE00
Brpf3,#7CAE00
BC004004,#7CAE00
Pim1,#7CAE00
Cmtr1,#FF61CC
Glo1,#00A9FF
Gm15318,#7CAE00
Pde9a,#00A9FF
Cbs,#F8766D
U2af1,#7CAE00
Akap8,#7CAE00
Cyp4f17,#7CAE00
Cyp4f13,#F8766D
Rab11b,#7CAE00
Angptl4,#7CAE00
Brd2,#7CAE00
Skiv2l,#7CAE00
Cfb,#7CAE00
C2,#FF61CC
Ehmt2,#7CAE00
Ddx39b,#7CAE00
Ppp1r10,#F8766D
Abcf1,#7CAE00
A930015D03Rik,#7CAE00
Cdc5l,#7CAE00
Hsp90ab1,#7CAE00
Tmem63b,#7CAE00
Gtpbp2,#7CAE00
Zfp318,#7CAE00
Klc4,#00A9FF
Bicral,#7CAE00
1700001C19Rik,#00A9FF
Tfeb,#7CAE00
Mocs1,#00A9FF
Hdgfl2,#7CAE00
Tnfaip8l1,#00A9FF
Safb2,#F8766D
Safb,#F8766D
Nudt12,#7CAE00
Fer,#7CAE00
Mtcl1,#C77CFF
Smchd1,#7CAE00
Wdr43,#7CAE00
Lclat1,#00A9FF
Xdh,#CD9600
Spast,#7CAE00
Heatr5b,#7CAE00
Cebpz,#7CAE00
Rmdn2,#F8766D
Hnrnpll,#7CAE00
Sos1,#F8766D
Eml4,#7CAE00
Thada,#7CAE00
Mcfd2,#7CAE00
Ttc7,#00A9FF
Kdm5d,#7CAE00
Ddx3y,#7CAE00
Gm47283,#7CAE00
Crem,#7CAE00
Mtpap,#7CAE00
Kif5b,#7CAE00
Mpp7,#7CAE00
Thoc1,#7CAE00
Tmem241,#7CAE00
Riok3,#7CAE00
Dsc2,#7CAE00
Trappc8,#7CAE00
Nol4,#7CAE00
Mocos,#7CAE00
Sap130,#7CAE00
Epb41l4a,#C77CFF
Apc,#7CAE00
Brd8,#7CAE00
Etf1,#7CAE00
Slc23a1,#00A9FF
Cxxc5,#00A9FF
Pcdh1,#7CAE00
Lars,#7CAE00
Rbm27,#7CAE00
Ppp2r2b,#C77CFF
Sema6a,#C77CFF
Tnfaip8,#C77CFF
Snx24,#7CAE00
Prrc1,#7CAE00
Gm4841,#7CAE00
Iigp1,#00A9FF
Ndst1,#7CAE00
Arhgef37,#F8766D
St8sia3os,#F8766D
Fech,#00A9FF
Lman1,#00A9FF
Afg3l2,#7CAE00
Fam210a,#7CAE00
Rab27b,#C77CFF
Myo5b,#7CAE00
Lipg,#7CAE00
8030462N17Rik,#7CAE00
Atp5a1,#7CAE00
Pstpip2,#00A9FF
Pqlc1,#F8766D
Zfp236,#7CAE00
Tshz1,#F8766D
Zadh2,#7CAE00
Lrp5,#00A9FF
1810055G02Rik,#00A9FF
Kmt5b,#7CAE00
Rps6kb2,#7CAE00
Sptbn2,#7CAE00
Sf3b2,#7CAE00
Syvn1,#7CAE00
Sf1,#7CAE00
Esrra,#7CAE00
Flrt1,#00A9FF
Mark2,#7CAE00
Slc22a28,#7CAE00
Ganab,#7CAE00
Fads1,#7CAE00
Cpsf7,#7CAE00
Tkfc,#7CAE00
Vwce,#00A9FF
Gm4952,#00A9FF
Pcsk5,#00A9FF
Aldh1a1,#F8766D
1110059E24Rik,#7CAE00
C330002G04Rik,#00A9FF
Smc5,#7CAE00
Dock8,#7CAE00
Kank1,#00A9FF
Glis3,#C77CFF
Cdc37l1,#7CAE00
Ak3,#00A9FF
Rcl1,#CD9600
Ric1,#7CAE00
Asah2,#7CAE00
Sgms1,#00A9FF
Minpp1,#7CAE00
Atad1,#7CAE00
Lipa,#7CAE00
Slc16a12,#7CAE00
Pcgf5,#F8766D
Btaf1,#7CAE00
March5,#7CAE00
Ide,#7CAE00
Hhex,#7CAE00
Exoc6,#7CAE00
Fra10ac1,#7CAE00
Cyp2c67,#FF61CC
Cyp2c68,#7CAE00
Mms19,#7CAE00
Pi4k2a,#7CAE00
Pyroxd2,#7CAE00
Cpn1,#F8766D
Cyp2c23,#00A9FF
Erlin1,#7CAE00
Fbxw4,#7CAE00
Sfxn2,#00A9FF
Pdcd11,#7CAE00
Sh3pxd2a,#00A9FF
Gpam,#00A9FF
Acsl5,#7CAE00
Zdhhc6,#7CAE00
Habp2,#00A9FF
Dclre1a,#7CAE00
Ablim1,#7CAE00
B230217O12Rik,#7CAE00
Fam160b1,#7CAE00
Trub1,#7CAE00
Shtn1,#7CAE00
Eif3a,#7CAE00
Zfp950,#F8766D
Tmlhe,#00A9FF
Rdh9,#FF61CC
Gm20528,#FF61CC
Relch,#FF61CC
Odr4,#FF61CC
Gas5,#FF61CC
A330023F24Rik,#FF61CC
Phyhd1,#FF61CC
Ptpmt1,#FF61CC
Shld1,#FF61CC
Rab5if,#FF61CC
Adnp,#FF61CC
Dpm1,#FF61CC
Slc10a5,#FF61CC
6430590A07Rik,#FF61CC
Khdc4,#FF61CC
Hjv,#FF61CC
Ecpas,#FF61CC
Gm13773,#FF61CC
Gm13775,#FF61CC
Tut4,#FF61CC
9630013D21Rik,#FF61CC
Maco1,#FF61CC
Aldh4a1,#FF61CC
5033403H07Rik,#FF61CC
Gm42109,#FF61CC
Albfm1,#FF61CC
Gcn1,#FF61CC
AI480526,#FF61CC
Hpd,#FF61CC
D730045B01Rik,#FF61CC
1700028E10Rik,#FF61CC
2210408F21Rik,#FF61CC
E230016M11Rik,#FF61CC
Resf1,#FF61CC
Gm2788,#FF61CC
1810026B05Rik,#FF61CC
4632427E13Rik,#FF61CC
Vps35l,#FF61CC
Hsd3b7,#FF61CC
BC024386,#FF61CC
4833411C07Rik,#FF61CC
Trmt9b,#FF61CC
Gm16348,#FF61CC
Tent4b,#FF61CC
Gse1,#FF61CC
Banp,#FF61CC
Zfpm1,#FF61CC
Zc3h18,#FF61CC
Zfp276,#FF61CC
Tcf25,#FF61CC
Rhou,#FF61CC
Rab4a,#FF61CC
Galnt2,#FF61CC
Shfl,#FF61CC
4930581F22Rik,#FF61CC
Dop1a,#FF61CC
9330159M07Rik,#FF61CC
Ube2b,#FF61CC
Nmt1,#FF61CC
Gm36723,#FF61CC
Cox16,#FF61CC
Serpina3k,#FF61CC
Tasor2,#FF61CC
4930470G03Rik,#FF61CC
2610307P16Rik,#C77CFF
Tut7,#FF61CC
Aopep,#FF61CC
Tent2,#FF61CC
Tasor,#FF61CC
Shld2,#FF61CC
Dleu2,#FF61CC
Gm49417,#FF61CC
Anxa13,#C77CFF
Ly6g2,#FF61CC
Gm17753,#FF61CC
Mrtfa,#FF61CC
Gm49431,#FF61CC
Lncppara,#FF61CC
Mrtfb,#FF61CC
Gm15764,#FF61CC
Slc49a4,#FF61CC
Gm46559,#FF61CC
Mir99ahg,#FF61CC
Gm32461,#FF61CC
Gm32624,#FF61CC
Gm49961,#FF61CC
Prkn,#FF61CC
2700054A10Rik,#C77CFF
BC028777,#FF61CC
Ilrun,#FF61CC
Mmut,#FF61CC
Pex6,#FF61CC
Lpin2,#FF61CC
Gm30117,#FF61CC
Gm50063,#FF61CC
Gm49970,#FF61CC
Gm49980,#FF61CC
Gm50237,#FF61CC
Gm29966,#FF61CC
Gm50136,#FF61CC
4931403E22Rik,#FF61CC
9130016M20Rik,#FF61CC
Gm36419,#FF61CC
Oga,#FF61CC
Armh3,#FF61CC
Gm31356,#FF61CC
Firre,#FF61CC
Pkhd1,#C77CFF
Tgfb2,#C77CFF
Sestd1,#C77CFF
Lbp,#FF61CC
Hnf4g,#C77CFF
Dab1,#C77CFF
Slit2,#C77CFF
Kcnip4,#C77CFF
Atp10a,#C77CFF
Gm47889,#7CAE00
Gm48877,#FF61CC
Kifc3,#C77CFF
Tmie,#00A9FF
Gas7,#FF61CC
Abcc3,#00A9FF
Pdk2,#00A9FF
Baiap2,#00A9FF
Egflam,#C77CFF
Grhl2,#C77CFF
Ano6,#C77CFF
Csad,#FF61CC
Chst9,#C77CFF
Gna14,#C77CFF
Gldc,#7CAE00
Schip1,#C77CFF
Serpine2,#00BFC4
Gin1,#7CAE00
Slc8a1,#00BFC4
